id,dob_given,photo_added,can_send_message,gender_added,name_added,profile_private,interests_mentioned,mobile_given,friends_count,posts_count,outcome
1,1,1,0,1,1,1,0,1,1321,416,0
2,Unknown,0,0,1,0,1,1,1,1286,760,1
3,Unknown,0,1,0,0,1,1,1,7430,622,1
4,0,0,1,0,1,0,0,0,2068,493,0
5,0,0,0,0,1,1,0,1,417,673,1
6,1,1,1,1,1,1,0,0,2140,1702,1
7,0,0,1,0,0,0,0,0,1501,1671,1
8,1,1,0,0,0,1,1,0,1977,588,0
9,0,0,0,1,1,0,1,0,464,365,0
10,1,1,1,1,0,0,0,Unknown,1021,1912,1
11,0,1,1,1,1,1,1,0,4824,723,1
12,0,0,0,0,1,0,0,0,638,632,1
13,1,0,1,0,1,0,0,Unknown,1865,368,1
14,0,0,0,1,1,0,0,1,584,198,0
15,0,1,0,1,0,0,1,1,749,6097,0
16,1,0,1,0,1,0,0,Unknown,930,297,0
17,1,1,1,0,1,1,1,1,3245,1320,0
18,0,0,1,0,0,1,Unknown,0,552,401,1
19,Unknown,0,0,0,1,0,0,0,1288,420,1
20,0,1,0,0,1,0,1,1,1030,2213,0
21,Unknown,0,1,1,0,0,0,Unknown,1607,8653,1
22,Unknown,1,0,0,1,1,1,0,240,775,0
23,1,0,1,1,1,0,1,0,7356,281,0
24,1,1,0,1,1,0,0,0,2494,1327,1
25,0,0,0,0,1,1,0,0,1516,1232,1
26,1,0,0,0,1,0,1,0,727,329,0
27,0,1,1,1,1,1,Unknown,0,1396,690,1
28,1,0,0,1,0,0,0,1,328,1206,1
29,0,0,1,0,1,1,0,0,5355,2590,1
30,1,0,1,0,1,0,1,1,2504,756,0
31,0,1,0,1,1,1,1,0,2230,478,0
32,0,1,0,1,1,0,1,0,1708,957,0
33,1,0,0,0,1,0,1,Unknown,848,1867,1
34,1,0,0,0,0,1,1,0,574,802,0
35,1,0,0,1,1,1,Unknown,1,2086,7294,0
36,0,0,1,1,0,0,1,1,709,1333,0
37,1,1,0,1,0,1,0,Unknown,788,1016,1
38,1,0,1,0,1,1,0,0,1082,807,1
39,1,1,0,1,1,1,1,0,3201,2965,1
40,0,1,1,1,0,1,0,1,658,650,0
41,Unknown,1,0,1,1,0,1,0,825,555,0
42,1,1,0,1,1,1,1,1,3145,666,0
43,0,0,0,0,0,0,0,0,680,1211,1
44,0,1,0,0,1,0,0,0,3244,377,1
45,1,0,1,1,1,1,1,1,10701,1097,0
46,1,0,1,0,1,0,Unknown,1,2186,1634,0
47,0,0,0,1,0,1,0,0,405,3063,1
48,1,1,1,1,1,1,0,0,384,687,0
49,0,0,0,1,1,1,0,1,658,2987,1
50,0,1,1,1,0,0,0,0,935,1348,1
51,0,0,0,0,1,1,0,1,1160,714,0
52,0,0,1,1,1,1,0,1,1249,681,0
53,1,0,0,1,1,1,0,0,726,2018,1
54,0,0,1,0,0,1,Unknown,0,1559,242,1
55,1,1,1,1,1,0,1,Unknown,6619,311,0
56,1,0,1,1,1,0,Unknown,Unknown,480,613,1
57,Unknown,0,1,0,1,1,0,Unknown,2065,1784,1
58,0,1,1,1,1,1,0,0,2370,1115,1
59,1,0,1,0,1,1,1,0,3984,351,0
60,0,1,0,0,1,0,1,0,2129,1439,0
61,1,0,0,1,1,1,Unknown,0,335,1041,0
62,1,0,0,0,1,1,0,0,3533,670,0
63,1,1,0,0,1,0,0,0,172,1819,0
64,0,0,1,0,1,1,0,0,1171,1872,1
65,Unknown,1,1,0,1,0,1,1,927,612,0
66,0,0,0,0,0,0,0,Unknown,1140,2444,1
67,0,1,0,0,1,0,0,0,1324,1688,0
68,0,0,1,1,1,0,0,0,3302,115,1
69,1,1,0,1,1,0,0,0,2077,758,0
70,0,0,1,0,1,1,0,0,302,981,0
71,1,1,0,1,1,1,0,1,5586,2495,0
72,0,0,1,0,0,0,1,1,321,968,1
73,1,0,1,1,0,0,1,1,558,1283,0
74,Unknown,1,1,0,1,1,0,0,1138,338,1
75,0,1,1,0,1,0,1,0,3043,929,0
76,1,1,1,1,1,0,0,1,1593,748,0
77,1,1,0,1,0,1,0,0,911,3274,0
78,Unknown,1,1,1,1,1,0,0,157,1282,0
79,0,1,0,0,1,0,Unknown,1,6149,927,0
80,1,1,1,1,1,1,0,0,905,2033,0
81,0,1,0,1,0,0,0,0,1278,968,1
82,0,0,0,0,1,1,0,1,1408,163,1
83,0,1,1,1,1,1,0,1,558,1164,1
84,1,1,1,0,0,0,0,1,3100,488,0
85,0,1,1,0,1,0,0,0,1118,284,1
86,1,0,0,1,1,1,0,0,619,1445,1
87,0,1,1,1,1,0,0,Unknown,1865,728,1
88,0,1,0,1,0,0,Unknown,0,2841,1957,0
89,0,0,1,0,1,1,1,0,72,190,1
90,Unknown,0,1,1,1,1,0,0,4882,1010,1
91,1,0,0,1,0,0,0,Unknown,1230,1097,0
92,0,1,1,1,1,0,1,0,1609,1740,0
93,0,1,1,1,1,0,0,1,4373,4513,0
94,0,0,1,1,1,0,1,1,961,1588,1
95,0,1,0,0,0,1,1,1,356,350,0
96,0,0,1,1,0,0,0,0,248,646,1
97,0,1,0,1,0,0,1,0,1337,2180,1
98,Unknown,0,1,1,1,0,1,0,871,1463,0
99,Unknown,1,1,1,0,1,1,1,1861,998,0
100,0,1,0,0,1,1,0,1,4256,837,0
101,0,0,0,1,1,1,0,Unknown,4222,1118,1
102,1,1,0,1,0,0,0,1,831,904,0
103,1,0,0,1,1,0,Unknown,Unknown,3307,1560,1
104,1,1,1,1,1,1,0,1,1077,318,0
105,0,0,1,0,0,0,1,0,735,726,1
106,1,0,1,1,1,1,1,0,4045,773,0
107,0,1,1,1,0,0,1,1,1355,1670,1
108,0,0,1,0,1,0,0,1,1463,898,0
109,1,1,0,1,1,1,0,0,9565,4544,1
110,0,0,1,1,1,1,1,0,1508,1248,1
111,0,0,0,0,1,1,1,1,2187,790,0
112,1,0,1,0,1,0,Unknown,0,574,273,1
113,0,0,0,0,1,0,0,1,2722,578,0
114,Unknown,0,1,0,1,1,0,0,3761,1299,0
115,0,1,1,1,0,1,0,0,519,970,1
116,1,0,0,1,1,0,0,0,875,2299,0
117,Unknown,0,1,1,1,1,Unknown,0,749,509,1
118,0,1,0,0,1,1,0,0,1221,423,0
119,1,1,0,1,1,0,1,0,828,3858,0
120,0,0,1,0,1,0,1,1,1314,5448,0
121,0,0,1,1,1,1,0,1,530,376,0
122,0,0,1,1,1,0,0,1,145,656,1
123,1,0,1,0,1,0,1,0,3471,452,0
124,0,0,1,0,0,0,1,0,298,341,0
125,0,0,1,1,1,0,1,Unknown,1886,1332,1
126,Unknown,1,0,1,0,1,Unknown,0,476,1233,0
127,0,1,0,1,0,1,0,Unknown,2669,637,1
128,Unknown,1,1,1,1,1,0,1,1313,1246,0
129,1,1,1,1,1,0,1,Unknown,1444,2762,1
130,1,1,0,0,0,1,0,Unknown,2169,761,0
131,Unknown,0,0,0,1,1,0,0,2256,890,1
132,1,1,0,0,0,0,1,1,2912,920,0
133,1,1,1,1,0,1,0,0,2431,703,1
134,0,0,1,1,1,0,0,1,787,1242,0
135,0,1,1,1,1,0,1,0,2014,816,0
136,0,1,0,1,1,1,1,1,676,1357,0
137,1,0,1,0,0,1,1,0,219,756,1
138,0,0,0,1,1,1,Unknown,0,2495,433,1
139,1,0,0,1,1,0,0,0,553,1200,0
140,1,0,0,0,1,0,0,1,248,863,1
141,0,0,0,0,1,1,0,0,3826,676,0
142,Unknown,1,1,1,0,0,1,1,242,1564,0
143,1,0,0,1,1,1,1,1,4505,709,0
144,0,1,0,1,0,0,0,1,382,467,0
145,0,0,0,1,0,1,1,1,1498,430,0
146,0,0,1,1,0,1,0,Unknown,1760,887,0
147,0,1,0,0,1,1,0,1,763,806,0
148,0,0,1,1,1,1,0,0,1812,1349,1
149,Unknown,1,0,1,0,0,0,1,3969,1418,0
150,Unknown,0,0,0,1,0,1,0,13785,181,1
151,0,1,0,1,1,1,0,1,4780,1258,0
152,0,0,1,1,1,0,1,1,1348,747,0
153,1,0,0,1,1,1,1,0,1161,480,0
154,0,0,0,1,1,1,1,1,1484,7694,1
155,1,0,1,1,0,1,0,Unknown,1247,213,0
156,0,1,1,1,0,0,1,0,589,553,1
157,0,0,0,1,0,1,0,1,1182,258,0
158,1,1,0,0,0,1,0,1,902,1019,0
159,1,1,0,1,1,0,0,0,2236,810,0
160,Unknown,0,0,0,0,0,Unknown,0,6237,2476,1
161,1,1,1,1,1,1,1,1,886,2045,0
162,0,0,0,1,1,1,1,0,720,534,0
163,0,1,0,1,0,1,0,1,5260,6911,1
164,0,1,0,1,1,0,1,1,2627,393,0
165,0,1,1,1,1,1,1,1,456,1085,0
166,1,0,1,1,1,1,0,1,374,1177,1
167,0,1,1,0,1,0,0,0,853,602,1
168,0,1,0,1,1,1,1,0,2888,154,1
169,0,1,1,1,1,1,0,0,248,1794,1
170,1,0,1,1,1,1,1,0,1402,328,0
171,1,0,1,0,1,0,0,1,2705,233,1
172,0,0,0,0,1,0,1,1,2293,1376,0
173,0,1,1,1,0,1,1,0,1689,1034,1
174,Unknown,0,1,1,1,1,0,0,310,1731,1
175,0,0,1,0,1,1,0,0,572,1074,0
176,1,1,0,0,0,0,0,0,1924,598,0
177,Unknown,0,1,1,0,1,0,Unknown,919,1328,0
178,1,1,1,1,1,0,0,1,414,335,0
179,1,0,1,1,1,0,0,1,338,624,0
180,1,0,1,0,1,1,0,1,1444,297,0
181,0,0,0,1,1,0,0,1,323,498,1
182,1,1,0,1,1,0,0,Unknown,1108,463,1
183,0,0,1,0,0,1,0,0,458,1795,1
184,0,0,1,1,1,1,0,0,1062,1073,1
185,0,1,0,1,1,0,0,1,1707,826,0
186,Unknown,0,0,0,1,0,0,0,550,2617,1
187,1,0,0,1,0,0,Unknown,0,789,1515,0
188,1,0,1,1,0,1,Unknown,0,1578,583,0
189,0,0,0,1,0,1,0,0,1695,2059,1
190,1,1,1,0,1,0,0,0,2473,298,1
191,0,1,1,1,1,1,1,0,420,4230,1
192,1,1,0,1,0,0,0,0,434,151,1
193,0,0,0,0,1,0,0,0,1825,317,1
194,Unknown,0,0,1,1,1,Unknown,1,1488,1875,0
195,1,0,1,1,0,1,0,Unknown,2483,698,0
196,1,0,1,0,1,0,1,0,1981,711,0
197,0,0,1,1,0,0,1,0,1563,6541,1
198,0,1,1,1,1,0,1,0,1634,1923,0
199,1,0,1,1,0,1,0,Unknown,2833,646,1
200,0,1,1,0,1,1,1,0,2303,459,1
201,0,1,1,1,0,0,Unknown,0,341,461,1
202,0,0,1,0,1,0,0,0,2169,641,1
203,1,1,1,0,1,0,0,Unknown,2078,1725,1
204,0,0,0,1,1,0,0,0,869,765,1
205,1,1,1,0,1,1,Unknown,1,2932,2871,1
206,1,0,1,1,1,1,0,1,1434,439,0
207,0,1,1,1,0,0,1,0,4751,391,1
208,1,0,1,1,1,0,1,0,1985,513,0
209,0,1,1,1,1,0,0,1,520,1210,0
210,1,0,0,0,1,0,1,Unknown,2179,740,0
211,Unknown,0,0,0,1,0,0,0,6056,549,1
212,1,0,1,1,1,0,0,1,2912,216,1
213,0,1,0,1,1,0,1,0,1048,577,0
214,0,1,1,1,1,0,0,0,2594,1154,1
215,1,0,1,1,1,0,1,1,3663,2505,0
216,0,1,0,1,1,0,0,1,1650,871,1
217,1,1,0,1,1,0,Unknown,0,1151,1864,0
218,0,1,1,1,1,1,0,0,518,125,0
219,0,1,1,1,1,0,0,Unknown,4376,2458,1
220,0,0,1,0,1,1,Unknown,0,2005,478,1
221,1,1,0,1,1,1,1,1,2286,2467,0
222,Unknown,0,1,1,0,0,0,0,800,1525,1
223,1,1,1,1,0,0,1,1,1008,106,0
224,0,1,1,1,1,0,1,0,2192,110,0
225,1,0,0,1,1,0,0,0,5753,228,1
226,1,1,0,1,1,0,0,1,2970,798,0
227,1,1,1,0,1,1,1,0,2579,554,1
228,Unknown,1,1,1,0,0,Unknown,1,489,275,1
229,0,0,1,1,1,1,0,0,947,1205,0
230,1,1,1,0,1,1,1,1,1593,869,1
231,1,0,0,1,1,1,0,0,764,1788,1
232,1,1,0,1,0,0,0,1,3001,1388,0
233,1,1,0,0,0,1,1,1,2550,1003,0
234,1,1,1,1,0,1,1,1,1128,177,1
235,0,0,0,1,1,1,0,0,1504,767,1
236,0,0,1,1,1,1,Unknown,0,2514,861,1
237,0,1,0,1,1,0,1,0,1828,637,0
238,0,1,1,1,0,1,1,1,630,1076,0
239,0,0,1,1,1,0,0,0,697,377,1
240,1,1,1,1,0,1,0,1,4138,1186,0
241,1,1,1,1,1,0,Unknown,0,289,2285,1
242,1,0,1,1,1,0,0,0,461,200,0
243,0,1,1,1,1,1,0,0,774,485,0
244,0,1,0,1,0,0,1,0,608,853,0
245,Unknown,1,0,1,1,1,1,0,2145,829,0
246,1,0,0,1,1,0,0,1,293,2858,1
247,1,1,1,1,1,0,Unknown,0,1014,248,0
248,0,0,0,1,1,0,0,1,1974,723,1
249,1,1,0,1,1,1,1,0,408,1019,0
250,0,1,0,1,1,1,0,1,2874,1402,0
251,1,0,0,1,1,1,Unknown,0,1845,68,1
252,1,1,0,1,1,0,1,0,1524,2287,1
253,1,1,1,1,1,0,0,0,5843,287,0
254,Unknown,1,0,1,1,1,1,1,4079,416,0
255,0,1,0,0,0,1,0,0,577,1277,1
256,1,0,1,0,1,0,0,1,768,209,0
257,1,1,0,1,1,1,0,1,2124,720,0
258,0,1,1,1,0,0,0,0,1999,2343,1
259,1,0,1,0,1,1,0,0,886,2417,0
260,1,0,0,1,0,0,0,1,610,415,1
261,1,0,0,0,0,0,0,0,873,903,1
262,0,0,0,0,1,0,0,0,1349,808,0
263,1,0,1,0,1,0,1,Unknown,1229,1478,1
264,Unknown,1,0,1,1,1,0,1,850,513,0
265,1,1,0,1,1,0,0,0,1481,661,1
266,1,0,1,1,0,1,1,1,1410,1502,0
267,0,0,1,0,1,0,0,0,1839,1182,1
268,1,0,1,0,1,0,Unknown,1,696,1312,1
269,0,1,0,1,0,0,Unknown,1,2557,542,0
270,0,0,1,1,1,1,0,1,908,4910,0
271,1,1,0,0,0,0,0,0,1602,285,0
272,1,1,1,1,0,1,0,1,3437,2323,0
273,0,1,1,0,0,1,1,0,1059,797,0
274,1,1,0,0,0,0,0,1,178,132,0
275,0,1,1,1,1,0,0,0,1370,212,0
276,1,0,1,1,1,1,1,0,1727,443,0
277,Unknown,0,1,1,1,0,0,1,4179,1085,1
278,0,0,1,1,1,0,1,0,508,7316,1
279,0,1,1,1,1,1,Unknown,1,3128,703,1
280,0,1,0,0,1,0,1,1,1813,142,0
281,1,0,0,0,1,0,0,0,683,1147,0
282,1,0,1,0,0,1,0,1,1264,2789,0
283,0,0,0,0,1,0,1,0,2971,387,1
284,0,0,1,0,0,1,1,Unknown,1570,8305,1
285,1,0,1,0,1,1,0,0,381,1796,0
286,0,0,0,0,1,0,0,1,881,587,1
287,Unknown,1,1,1,0,0,Unknown,0,5773,323,0
288,1,1,0,1,1,0,1,Unknown,1388,1776,1
289,1,0,1,1,0,0,0,0,785,782,1
290,1,1,0,0,1,1,1,0,1863,467,0
291,Unknown,0,0,0,1,1,0,0,2058,5297,1
292,1,0,0,0,1,1,0,0,5549,1113,0
293,1,0,1,0,1,0,0,1,766,857,0
294,0,1,1,1,0,0,0,0,3138,1668,0
295,1,1,0,1,0,1,0,Unknown,404,473,0
296,0,0,1,0,0,0,0,1,1435,310,1
297,Unknown,1,1,1,1,0,1,1,3240,1320,0
298,0,0,1,1,1,0,0,0,3021,1366,1
299,1,1,1,1,1,0,0,0,834,394,1
300,Unknown,0,0,1,0,1,1,0,908,1467,1
301,0,0,0,0,0,0,0,1,1753,420,1
302,1,0,0,1,0,0,0,1,797,3943,1
303,1,0,0,1,0,0,1,0,1298,677,0
304,1,0,0,0,1,0,1,0,725,626,0
305,1,0,1,1,1,0,1,0,588,738,1
306,0,1,0,1,1,0,1,0,2080,5742,0
307,0,1,0,1,1,1,1,Unknown,2248,767,1
308,1,1,1,0,0,1,Unknown,0,1529,1809,0
309,1,1,1,0,1,0,Unknown,1,974,944,0
310,0,1,1,0,1,1,0,0,413,728,1
311,0,1,1,1,1,1,0,0,153,513,0
312,0,1,0,0,0,0,0,0,1371,695,1
313,1,1,1,0,0,1,0,1,1071,376,0
314,0,1,0,0,1,1,1,0,387,566,1
315,Unknown,1,1,1,1,1,0,0,901,1285,0
316,0,1,1,1,1,1,1,1,1987,865,0
317,1,1,1,1,1,0,0,1,3578,904,0
318,1,1,1,0,1,1,1,0,370,3175,0
319,1,0,1,1,1,0,1,0,1390,951,0
320,0,0,0,0,1,0,0,1,6327,1718,1
321,1,1,1,1,0,0,0,0,443,1397,0
322,0,1,0,1,0,1,1,1,469,1555,0
323,1,1,0,1,1,1,1,1,3181,1736,0
324,1,0,0,1,1,0,0,0,2989,2371,0
325,1,1,1,1,1,1,0,1,1916,1467,0
326,1,1,1,1,1,0,0,0,1914,850,0
327,0,0,0,0,0,1,Unknown,0,464,224,0
328,1,0,0,1,1,0,1,0,2671,431,0
329,1,1,0,0,1,1,1,1,2110,460,1
330,1,0,0,0,1,0,0,1,2378,994,1
331,0,0,0,0,0,0,0,1,2509,1245,1
332,1,1,1,1,0,0,0,0,6930,963,1
333,1,0,0,1,1,0,0,1,5657,1343,1
334,1,0,0,0,1,1,0,0,4300,956,1
335,1,1,1,0,0,0,0,1,304,1949,0
336,0,1,1,1,1,1,0,0,6752,936,0
337,1,1,1,1,1,1,1,1,1084,2989,0
338,Unknown,1,1,1,1,1,0,1,978,3073,1
339,1,0,0,1,1,0,1,0,648,901,0
340,0,0,1,1,1,0,0,0,1494,1392,0
341,0,0,0,0,1,0,Unknown,0,807,1488,1
342,Unknown,1,1,1,1,0,Unknown,1,1250,156,1
343,1,0,1,1,0,0,Unknown,0,740,444,1
344,0,1,1,1,1,0,0,1,1428,444,1
345,0,1,1,1,1,1,0,0,1235,3128,1
346,0,0,1,1,1,1,0,0,937,578,0
347,1,1,1,1,1,0,0,0,353,2018,0
348,1,0,1,1,1,1,0,1,1192,285,0
349,0,0,0,1,1,0,0,0,1913,2068,1
350,0,1,0,1,1,1,0,0,1265,164,1
351,0,0,1,1,0,1,0,0,902,584,1
352,Unknown,1,0,1,1,1,1,0,1287,673,0
353,1,1,0,1,0,0,0,Unknown,1659,682,0
354,1,1,1,1,1,0,0,1,2884,2721,0
355,0,0,1,1,0,1,0,1,7440,765,1
356,1,0,1,1,1,0,0,1,1697,4747,1
357,0,0,0,0,0,1,1,0,1013,974,1
358,0,0,1,1,1,0,1,0,339,335,0
359,0,0,1,0,1,0,0,0,1847,326,1
360,Unknown,0,0,0,0,0,0,1,611,618,1
361,0,0,0,0,1,1,1,0,5612,506,1
362,0,0,0,1,1,0,0,0,582,233,0
363,0,0,0,0,1,0,0,0,1837,1200,1
364,1,0,0,1,0,0,0,0,575,1771,0
365,Unknown,0,1,1,1,1,1,1,1049,422,1
366,1,0,1,0,1,0,0,1,1270,622,1
367,0,1,1,1,1,1,1,Unknown,2025,596,0
368,1,0,1,0,1,0,Unknown,1,5221,492,1
369,0,0,0,1,1,1,1,0,702,512,1
370,0,0,1,1,1,0,1,0,778,2231,0
371,1,0,1,1,1,1,0,0,1038,1370,0
372,0,1,1,1,1,0,Unknown,0,2904,672,1
373,1,1,0,1,1,1,0,1,1170,1071,0
374,0,1,1,1,1,0,0,0,1165,975,1
375,1,1,0,1,0,0,1,1,2728,821,1
376,1,0,1,1,1,1,0,0,1238,1119,1
377,1,0,1,1,1,0,0,1,1123,779,0
378,1,1,0,1,1,1,Unknown,1,2666,963,0
379,1,0,1,1,0,0,0,1,726,309,1
380,1,0,1,0,1,0,1,1,5885,654,0
381,0,1,0,0,1,0,1,1,701,519,0
382,0,1,0,1,1,0,1,0,1248,2228,1
383,0,0,1,0,1,0,1,1,4049,1076,1
384,0,0,1,1,1,0,0,1,1444,5404,1
385,1,1,0,0,0,0,0,0,3907,2315,1
386,1,1,1,0,1,1,Unknown,0,1242,1412,0
387,1,0,1,1,0,0,1,Unknown,1753,135,1
388,1,1,0,1,0,1,0,0,748,6060,1
389,0,1,1,1,1,1,0,0,1727,433,1
390,1,0,0,1,1,1,Unknown,0,1376,1176,0
391,0,1,1,1,1,0,1,0,4906,1463,0
392,0,0,1,1,1,0,0,1,2353,378,1
393,1,0,1,1,0,0,0,0,546,418,0
394,Unknown,0,1,0,0,1,1,1,946,1385,0
395,Unknown,1,0,1,1,1,0,0,922,1960,0
396,0,0,1,0,1,0,0,0,5856,1279,0
397,0,0,1,1,1,0,0,0,964,4117,1
398,0,1,0,1,0,1,1,1,1921,709,0
399,1,0,1,1,1,1,0,0,1648,5898,1
400,1,1,1,0,0,0,0,0,2187,551,0
401,0,0,0,0,0,0,1,0,1953,1497,1
402,1,0,0,0,0,0,1,1,1370,717,1
403,1,1,0,1,1,1,0,0,2028,750,0
404,0,1,1,1,1,1,1,0,1775,1218,1
405,1,1,0,1,0,0,Unknown,0,835,322,1
406,1,1,1,0,1,0,Unknown,0,1958,481,1
407,1,1,0,0,1,0,0,1,639,315,0
408,0,0,0,1,1,0,0,1,1254,2815,0
409,1,0,0,1,0,1,1,0,669,2730,1
410,1,1,1,1,0,1,1,1,1535,256,0
411,1,1,1,0,1,0,0,0,954,1874,0
412,0,0,1,0,0,1,0,Unknown,1360,3166,1
413,1,0,1,1,0,0,1,1,845,1086,0
414,1,1,0,1,0,0,0,1,696,1173,0
415,0,1,1,1,1,1,0,0,1591,864,0
416,1,0,1,0,0,1,1,0,650,463,1
417,0,1,1,1,1,1,1,Unknown,470,1839,0
418,1,0,0,0,0,0,0,1,735,974,1
419,Unknown,0,1,1,1,0,1,1,1199,960,0
420,0,0,0,1,0,0,0,1,403,891,1
421,0,1,0,0,1,1,0,Unknown,2104,915,1
422,0,0,1,0,1,1,1,1,5568,3870,0
423,0,1,0,0,1,0,1,0,1116,1409,1
424,0,1,1,0,1,1,0,0,1718,1331,0
425,1,1,1,1,1,0,0,0,3753,688,0
426,Unknown,0,0,0,0,0,0,0,1059,1774,1
427,Unknown,0,1,1,0,0,1,0,1221,1064,1
428,0,0,1,1,1,1,0,1,5049,71,0
429,1,0,1,0,0,1,1,0,869,1823,1
430,0,0,0,1,1,0,1,1,581,587,1
431,Unknown,0,1,1,1,0,0,Unknown,1534,725,1
432,0,0,0,1,0,0,1,1,628,208,1
433,1,1,1,1,1,0,0,Unknown,172,600,0
434,0,0,0,0,1,1,0,Unknown,1452,512,1
435,0,1,1,1,1,1,0,1,1656,459,0
436,Unknown,0,1,1,1,1,0,0,1660,1724,0
437,0,0,1,1,1,0,0,0,839,3915,1
438,1,0,0,1,1,0,0,0,3306,672,1
439,0,1,0,1,1,0,1,0,717,2017,0
440,1,0,1,0,1,1,0,0,500,348,1
441,0,0,1,1,1,1,1,0,608,549,1
442,0,1,0,1,1,0,0,1,4820,1074,0
443,0,0,1,1,0,0,0,0,1373,656,1
444,0,1,1,1,0,1,0,1,336,54,0
445,0,1,1,1,1,0,Unknown,0,1366,1463,0
446,1,0,1,0,1,1,0,0,983,883,0
447,0,1,0,1,0,1,0,1,4340,529,0
448,1,1,0,1,0,1,1,1,699,209,0
449,0,0,0,1,0,0,0,1,1293,1961,1
450,0,0,0,1,1,0,1,1,3531,240,0
451,Unknown,0,0,0,1,1,Unknown,0,652,665,1
452,0,0,1,0,0,0,1,1,2127,1437,1
453,1,0,1,1,1,1,1,0,1167,2595,0
454,0,0,1,1,1,0,1,0,937,137,0
455,1,0,0,1,0,0,1,1,720,1408,0
456,1,0,1,1,0,0,0,1,2597,1062,1
457,Unknown,0,1,0,1,1,0,1,5351,1454,1
458,1,0,0,0,1,0,0,1,731,776,0
459,0,0,0,1,1,1,0,1,3289,5759,1
460,0,1,1,0,1,0,1,0,1481,621,0
461,0,0,0,1,1,1,0,1,1508,1488,0
462,1,1,1,1,0,0,0,0,1669,575,1
463,1,0,1,1,1,0,1,Unknown,1393,402,1
464,0,0,1,0,1,1,1,1,1705,1813,1
465,1,0,0,0,1,1,1,1,2715,446,0
466,0,0,1,0,1,0,1,1,3393,1879,1
467,0,0,0,1,1,0,0,1,692,1259,0
468,0,0,1,1,1,0,1,0,1508,2405,1
469,0,1,0,0,1,0,0,1,613,737,0
470,1,1,0,1,1,1,1,1,1072,2737,0
471,1,0,1,0,0,0,0,0,2364,2905,1
472,1,1,1,1,1,0,0,Unknown,1094,2364,1
473,1,0,1,0,0,0,0,0,2729,637,0
474,0,1,0,0,1,1,0,1,1141,474,1
475,0,0,0,0,1,0,0,1,1653,966,0
476,1,0,1,0,1,1,1,1,1949,762,0
477,0,1,1,1,1,1,0,1,4923,832,0
478,1,1,1,0,1,0,1,0,409,3845,0
479,1,0,1,1,1,1,0,1,948,379,1
480,0,1,1,0,0,1,0,1,14720,340,1
481,0,1,0,1,0,1,0,0,2113,3201,1
482,1,0,0,1,1,0,1,0,357,726,0
483,0,1,1,1,1,0,0,0,756,443,0
484,1,1,1,1,0,1,0,0,1392,700,0
485,Unknown,0,0,1,1,0,Unknown,1,1752,462,0
486,Unknown,1,0,0,1,0,0,1,3113,1202,0
487,0,1,0,1,1,0,1,0,407,1113,1
488,0,1,0,1,1,0,0,Unknown,733,1968,1
489,1,0,0,0,1,1,0,1,395,1267,1
490,1,0,0,1,1,0,0,1,653,1218,1
491,0,0,1,1,1,1,0,1,2953,2623,1
492,0,1,0,1,0,1,1,0,1162,876,0
493,1,0,1,1,1,0,1,Unknown,1362,3885,0
494,0,0,1,0,0,1,Unknown,1,573,1837,0
495,0,0,1,0,1,0,1,1,518,3263,0
496,0,1,1,0,0,0,0,0,284,852,0
497,1,1,0,1,0,0,0,0,5720,902,0
498,0,0,1,0,1,1,0,0,4066,675,1
499,1,0,1,0,0,1,1,0,1084,388,1
500,1,0,1,0,1,0,0,0,3430,183,0
501,1,1,0,1,1,0,0,1,562,1415,0
502,1,1,1,1,1,0,1,0,508,2097,1
503,1,0,1,0,1,0,1,0,401,1192,0
504,0,0,1,0,0,0,1,0,462,1728,1
505,Unknown,1,1,1,1,1,1,1,5465,355,0
506,0,0,1,1,0,1,0,1,1197,373,1
507,1,0,1,1,1,1,0,1,1661,345,0
508,1,0,1,1,0,0,0,1,2531,5003,1
509,0,1,0,1,1,1,0,1,828,1526,0
510,0,0,1,0,1,0,0,0,502,1047,0
511,1,0,1,0,1,0,0,1,1422,3238,0
512,0,1,1,0,1,0,0,0,1593,731,1
513,0,1,1,1,1,1,1,0,2104,301,0
514,Unknown,1,0,1,1,0,0,1,599,1714,1
515,0,1,1,0,1,1,0,1,4913,8436,0
516,1,0,0,1,1,0,0,1,1017,219,1
517,1,1,1,0,0,1,1,1,4454,347,1
518,1,1,1,1,1,0,0,0,1834,1359,1
519,1,0,1,1,1,1,1,1,1248,288,0
520,1,0,0,1,1,1,1,1,979,815,0
521,1,0,1,0,0,0,0,1,1847,17,1
522,0,1,1,1,0,0,1,0,3363,1245,0
523,1,1,1,1,1,0,1,0,374,934,0
524,1,1,0,0,1,1,0,1,1533,1262,0
525,0,1,1,1,1,1,0,1,859,1270,0
526,1,1,1,1,1,0,0,1,6101,637,0
527,1,0,0,1,0,0,1,0,1080,3273,1
528,0,0,1,1,1,0,1,1,1361,366,1
529,1,1,0,0,1,1,0,1,400,722,0
530,0,0,1,0,1,0,1,1,1565,192,0
531,0,0,0,1,0,0,1,1,1923,1628,1
532,1,0,0,0,1,1,0,1,403,462,1
533,0,1,1,1,1,0,1,0,1732,41,0
534,1,0,0,1,1,1,0,1,1509,2652,1
535,0,0,0,0,1,1,Unknown,0,1072,225,1
536,1,0,1,0,1,1,0,1,1369,602,0
537,0,0,1,0,1,1,0,0,439,1687,1
538,0,0,0,1,1,1,1,0,2117,1988,1
539,0,0,0,1,1,0,0,1,1137,163,1
540,1,0,1,1,1,0,0,1,1164,151,0
541,0,0,1,1,1,1,1,0,2407,2134,1
542,0,0,0,1,1,1,0,Unknown,2499,880,1
543,1,0,0,1,0,0,1,1,358,693,0
544,1,1,0,1,0,0,1,1,896,501,0
545,Unknown,0,1,1,1,0,Unknown,1,6502,2013,1
546,0,0,1,1,1,0,0,0,5111,1326,1
547,0,0,0,1,0,0,1,Unknown,1397,412,1
548,1,0,0,1,1,1,0,0,1495,1348,1
549,0,0,0,0,0,1,0,1,2149,1048,1
550,1,0,0,1,0,0,0,1,2183,171,1
551,1,0,1,0,0,1,0,0,217,1678,1
552,0,0,1,0,1,1,0,1,965,254,0
553,0,0,0,0,1,0,0,1,1542,750,1
554,1,0,1,0,0,0,0,0,1135,1692,1
555,0,0,0,0,1,0,1,1,1041,376,1
556,0,1,1,1,1,1,0,1,122,1466,0
557,0,0,1,0,0,1,0,0,611,2260,1
558,1,1,1,0,1,1,1,1,1996,972,0
559,0,0,0,1,0,0,Unknown,1,1051,1464,1
560,1,1,1,1,0,0,1,0,874,1896,0
561,1,1,1,1,1,0,0,0,871,348,1
562,0,0,1,1,1,0,0,1,1777,1602,0
563,0,0,1,0,1,0,0,0,6935,401,1
564,0,1,0,1,0,0,Unknown,0,2366,4586,1
565,1,1,0,0,1,1,0,0,2977,862,0
566,0,1,1,1,0,0,0,0,752,701,1
567,0,1,0,1,0,0,1,0,6626,2211,0
568,0,0,1,1,0,1,0,1,1195,1046,1
569,1,1,0,1,1,1,1,1,1779,5249,0
570,1,0,1,0,1,0,1,1,801,436,1
571,1,1,0,1,1,0,1,0,804,958,0
572,1,0,0,1,0,1,0,1,1042,304,0
573,0,1,1,1,1,0,0,0,2634,156,1
574,1,1,1,0,1,1,1,Unknown,463,735,0
575,1,0,0,1,1,0,0,0,688,1023,1
576,0,0,0,1,1,1,1,0,812,2675,0
577,0,1,0,1,1,1,0,0,1040,914,1
578,1,1,0,0,1,0,0,0,1236,4570,0
579,1,1,0,0,0,0,0,1,3573,3626,0
580,0,0,1,1,1,0,1,0,1596,2067,1
581,1,0,1,1,0,0,1,0,535,1320,1
582,0,0,1,1,1,0,0,0,2428,3947,1
583,1,1,0,0,1,0,Unknown,1,623,959,1
584,0,1,1,1,1,0,0,0,2934,542,0
585,1,1,0,1,1,1,0,1,1015,2802,0
586,1,1,1,0,1,1,0,0,874,392,0
587,Unknown,1,0,1,0,1,1,0,3017,1113,0
588,0,0,1,1,1,1,0,0,1372,720,1
589,Unknown,1,1,0,0,1,0,1,1819,430,0
590,1,1,1,0,0,0,0,0,5867,711,1
591,0,1,0,1,0,0,0,Unknown,934,1005,0
592,1,0,0,1,0,1,0,Unknown,524,1423,0
593,0,0,0,1,0,1,1,0,6194,714,1
594,0,1,1,1,1,1,Unknown,0,2616,607,0
595,1,0,1,1,1,1,0,1,595,3054,1
596,1,1,1,1,0,1,0,0,2897,323,0
597,0,0,0,0,0,0,0,0,1578,2019,1
598,1,0,1,0,1,0,0,0,4902,891,1
599,1,1,0,0,1,0,0,0,1656,640,0
600,0,0,1,1,1,0,1,1,10666,3332,0
601,0,0,0,1,0,0,0,1,1098,739,1
602,1,0,1,1,1,1,Unknown,1,3006,615,0
603,1,0,1,1,1,0,0,1,4269,11159,1
604,1,0,1,1,0,0,0,1,1864,793,0
605,1,1,1,1,1,0,0,0,2179,1084,0
606,1,0,1,1,0,1,0,0,419,3197,1
607,1,1,0,0,1,0,0,1,1297,873,0
608,1,0,0,1,1,0,1,1,2213,725,1
609,0,1,1,1,1,0,1,1,596,642,0
610,1,0,0,0,0,0,0,1,371,1395,1
611,1,1,1,1,0,1,0,0,1380,1267,1
612,0,1,0,1,1,0,1,Unknown,2715,681,1
613,1,0,0,1,1,0,0,Unknown,563,849,1
614,1,0,1,1,1,1,0,1,4167,1278,0
615,1,0,1,0,1,1,1,1,459,962,0
616,1,0,1,0,0,0,0,Unknown,833,913,1
617,1,1,1,1,1,0,0,0,4023,624,1
618,1,0,1,0,1,0,1,1,958,1864,0
619,Unknown,1,1,0,1,0,1,1,9393,627,1
620,Unknown,1,1,0,1,0,Unknown,0,561,3442,1
621,0,0,1,1,1,0,Unknown,0,1032,2110,1
622,1,0,1,0,1,1,0,0,4446,2621,0
623,0,1,1,0,1,1,1,Unknown,4504,2464,1
624,0,1,0,1,1,0,0,0,1235,666,1
625,1,1,1,1,1,1,1,1,718,3402,0
626,1,0,1,1,1,0,0,1,1193,437,1
627,0,1,0,1,1,1,Unknown,0,1053,3115,0
628,1,1,1,1,1,0,0,0,1084,313,0
629,1,1,0,1,1,0,1,1,999,332,0
630,Unknown,1,0,0,1,0,0,0,896,5058,1
631,1,1,1,0,1,0,0,0,932,2398,0
632,Unknown,0,1,1,0,0,0,1,869,854,1
633,Unknown,1,1,1,1,1,0,1,173,626,0
634,1,1,0,0,1,0,1,0,4050,817,0
635,0,0,0,1,1,1,Unknown,0,3706,2716,1
636,1,1,1,0,0,0,1,0,8035,1380,1
637,0,1,1,0,0,0,1,1,422,2388,1
638,0,1,0,1,1,0,0,0,1475,193,1
639,1,0,0,0,1,1,0,0,577,640,1
640,1,0,1,1,1,0,1,0,570,3046,0
641,1,0,1,1,1,0,1,1,833,1663,0
642,1,1,0,1,1,0,1,1,1141,2301,0
643,1,0,1,1,1,0,0,0,1559,3284,0
644,1,0,1,0,1,0,1,1,1493,2642,0
645,0,0,1,0,1,1,Unknown,0,1295,662,1
646,1,1,0,1,1,1,0,0,4253,293,0
647,0,1,1,1,1,1,1,1,2050,5283,0
648,Unknown,1,1,1,1,1,0,0,788,301,1
649,1,0,1,1,1,0,0,1,1951,241,0
650,0,1,0,0,1,0,0,0,418,520,1
651,1,0,1,1,0,1,0,1,3539,523,1
652,0,1,1,1,0,0,0,Unknown,5137,963,0
653,1,0,1,1,0,0,1,1,239,5521,0
654,0,0,0,0,1,0,1,0,6449,2020,1
655,1,1,1,1,1,0,1,0,4737,1332,0
656,Unknown,1,1,1,1,1,1,0,216,1526,1
657,0,0,1,1,1,0,Unknown,1,769,506,1
658,1,1,1,0,0,1,Unknown,0,1291,769,0
659,1,0,0,0,1,1,1,1,2134,1487,0
660,0,1,0,1,1,1,0,0,433,1550,0
661,1,0,1,1,0,1,1,1,1359,1025,0
662,0,0,0,1,1,0,0,1,2628,395,1
663,0,0,1,1,0,0,Unknown,1,3524,1013,1
664,1,1,1,0,1,0,0,Unknown,1754,915,1
665,0,0,0,0,0,0,0,0,4606,3125,1
666,0,0,1,1,1,1,1,0,2169,514,1
667,0,1,0,1,1,1,1,Unknown,848,757,1
668,Unknown,0,0,1,0,0,0,0,2469,481,1
669,0,0,0,1,1,1,0,0,1251,408,0
670,1,0,1,1,0,1,0,0,2062,386,1
671,1,1,1,1,0,1,1,0,5826,691,1
672,0,1,0,1,0,1,0,0,896,375,0
673,1,0,0,1,0,1,0,0,1419,2603,0
674,0,1,0,1,1,0,0,1,1953,1494,0
675,Unknown,1,0,1,1,1,0,1,627,600,0
676,0,1,1,0,1,0,0,0,678,754,1
677,1,1,1,1,1,1,0,0,829,544,1
678,0,1,1,1,0,1,0,0,675,3890,1
679,1,1,0,1,1,1,0,1,543,3352,0
680,1,0,1,1,1,1,1,1,1000,5300,1
681,0,0,0,0,1,1,0,0,1396,1481,1
682,0,0,1,1,1,0,0,0,1572,353,1
683,1,0,1,0,0,0,Unknown,1,1426,603,1
684,0,0,0,1,1,1,1,Unknown,571,166,1
685,0,1,1,1,1,1,1,0,1575,254,1
686,Unknown,0,0,0,1,0,Unknown,0,2768,451,1
687,0,0,0,1,1,1,Unknown,1,146,1115,1
688,1,1,1,1,1,1,0,1,487,1088,1
689,0,1,1,1,1,1,1,1,753,3029,0
690,1,0,0,1,0,1,0,1,954,1440,0
691,1,1,0,0,1,1,1,1,2466,222,1
692,Unknown,1,0,0,1,0,0,1,706,1000,0
693,0,1,1,0,1,0,0,1,3567,1590,0
694,0,0,1,1,1,0,0,1,1755,1364,1
695,1,1,1,1,1,0,0,Unknown,1078,1094,0
696,1,0,0,1,1,0,1,0,307,436,1
697,1,0,1,1,1,0,0,1,1167,1327,0
698,0,1,1,0,0,0,1,0,2155,4216,0
699,0,0,0,1,1,0,0,1,1145,373,1
700,1,0,1,1,1,0,0,0,1669,1663,1
701,1,1,1,1,1,0,1,Unknown,822,433,1
702,Unknown,1,0,0,1,1,1,0,857,1349,1
703,0,1,0,1,1,0,1,0,320,2452,0
704,1,1,0,1,1,0,0,0,1292,278,1
705,Unknown,0,0,1,1,0,1,1,2434,772,0
706,0,0,0,1,1,0,1,0,3871,1898,0
707,0,0,1,1,0,1,Unknown,0,347,757,1
708,Unknown,1,0,0,1,0,0,1,964,1113,0
709,0,0,1,1,1,0,Unknown,1,296,60,1
710,1,1,0,0,1,0,0,0,712,2020,0
711,1,0,1,0,0,1,1,0,3594,2281,1
712,0,0,0,0,1,1,0,1,1064,1449,1
713,0,1,1,1,1,0,0,0,919,322,0
714,0,0,1,1,1,1,0,0,193,684,1
715,1,1,0,1,1,1,1,0,764,468,1
716,1,0,1,0,1,1,1,1,1035,3852,0
717,0,1,0,1,1,1,Unknown,0,612,2369,1
718,0,1,0,0,1,0,1,0,2652,1571,1
719,1,1,1,1,0,1,0,0,1068,1440,0
720,1,0,1,1,1,0,1,1,2086,244,1
721,0,0,1,1,1,0,1,1,565,847,1
722,1,1,1,1,1,0,0,1,1024,652,0
723,Unknown,1,1,1,1,1,1,0,652,3288,0
724,0,0,0,1,1,1,0,0,1467,1260,0
725,1,1,1,1,1,1,0,1,4081,911,0
726,1,1,0,0,1,0,1,0,7012,6063,1
727,1,1,0,1,1,0,Unknown,1,198,756,0
728,0,0,1,1,1,0,1,0,7292,195,1
729,1,1,1,1,1,1,0,1,1003,297,0
730,1,1,1,0,0,0,0,1,1331,1704,0
731,1,1,1,0,0,1,0,0,411,515,0
732,0,1,1,0,1,0,1,0,465,1838,1
733,Unknown,0,1,1,1,0,0,1,433,325,0
734,1,1,1,1,0,0,0,0,2136,6923,1
735,Unknown,0,1,1,1,1,1,0,5371,553,1
736,0,0,1,1,1,1,1,1,1246,1444,0
737,0,0,0,0,1,1,1,0,4990,880,1
738,1,0,1,1,1,1,0,1,6916,335,1
739,0,0,0,1,1,1,0,1,2268,3717,1
740,Unknown,0,0,1,1,1,1,1,1783,1024,1
741,1,0,1,1,1,1,0,0,839,569,0
742,0,0,1,0,1,0,Unknown,Unknown,1564,167,1
743,1,0,0,1,1,0,0,0,3373,1524,0
744,0,1,1,1,1,1,0,1,2852,2046,1
745,0,1,1,0,0,1,1,0,442,1151,1
746,Unknown,0,0,1,1,0,0,1,3231,2214,1
747,0,0,0,1,1,1,0,0,4039,621,1
748,1,0,1,1,1,1,1,0,2224,3105,0
749,0,1,1,0,1,0,0,0,9741,464,1
750,1,0,0,0,1,1,1,0,3540,33632,1
751,0,1,0,0,1,1,1,0,1179,302,0
752,1,1,0,1,1,0,0,1,886,424,1
753,1,0,1,0,1,0,Unknown,1,709,3055,1
754,1,0,0,1,0,1,1,1,2243,1610,0
755,0,0,1,1,1,1,0,1,1215,866,1
756,0,1,1,0,1,1,0,Unknown,1147,186,0
757,0,0,0,1,1,0,0,Unknown,1306,323,1
758,0,0,1,1,1,1,0,0,1178,752,1
759,1,0,0,1,1,0,0,0,2272,1074,1
760,0,0,1,1,1,1,1,0,1395,1250,0
761,1,0,1,1,1,1,Unknown,1,1339,783,1
762,0,1,0,0,0,1,1,Unknown,816,398,1
763,1,1,1,0,0,1,1,0,1633,963,0
764,0,0,1,0,1,0,1,Unknown,4347,1029,1
765,1,1,0,0,1,0,0,1,878,2923,0
766,1,1,1,1,1,0,1,Unknown,1486,927,0
767,0,0,0,0,0,1,0,1,3310,681,0
768,0,1,1,1,1,0,0,1,2624,362,1
769,Unknown,1,1,0,1,1,0,1,1263,706,0
770,0,0,1,0,1,1,1,1,2213,568,0
771,Unknown,1,0,1,0,1,0,1,6716,1444,1
772,0,1,1,0,1,0,1,1,720,1954,0
773,0,0,0,0,0,0,0,Unknown,4458,2479,1
774,1,1,1,1,1,1,1,1,1620,664,0
775,1,0,0,1,0,0,0,1,692,686,1
776,1,1,1,1,1,0,1,1,918,1006,0
777,0,0,0,1,1,0,1,0,4295,442,0
778,1,0,0,1,1,1,0,1,529,1387,0
779,0,1,1,0,1,0,0,Unknown,2220,1055,0
780,1,1,1,1,0,1,0,0,2262,683,1
781,1,0,1,1,1,0,0,0,2048,936,0
782,0,0,1,0,0,1,0,0,2439,330,1
783,0,0,1,0,1,1,1,0,2398,271,1
784,0,0,0,0,1,1,0,1,548,1270,1
785,1,0,0,1,0,0,1,1,2098,1292,0
786,1,1,1,1,0,0,1,0,1117,978,1
787,1,0,0,1,1,0,0,0,6927,1356,1
788,0,0,1,1,0,0,0,0,733,243,1
789,0,0,0,0,0,0,1,1,817,2067,1
790,1,1,1,1,0,0,1,1,4632,670,0
791,1,0,0,1,1,0,1,0,844,1203,0
792,1,1,1,1,1,0,0,1,909,6394,1
793,0,0,0,1,0,0,0,0,2785,799,1
794,1,0,0,1,1,1,Unknown,1,618,471,0
795,1,1,0,1,0,1,1,0,5108,176,0
796,0,1,0,1,1,1,1,1,733,427,1
797,0,0,0,1,1,0,0,0,2593,544,0
798,1,1,1,0,1,1,Unknown,1,897,643,0
799,0,1,1,1,1,0,1,1,2573,333,0
800,0,0,1,1,0,1,1,0,794,1099,1
801,1,1,1,1,1,0,1,1,1027,797,0
802,1,1,0,0,0,0,0,1,542,220,1
803,1,0,1,1,1,0,0,0,1105,1430,1
804,1,0,1,1,1,0,1,0,136,669,0
805,1,1,1,0,1,0,0,1,854,641,0
806,0,1,0,1,0,0,0,Unknown,3505,263,1
807,0,0,1,0,1,0,0,1,874,267,1
808,1,0,1,1,1,0,0,0,403,7048,1
809,0,1,0,0,1,1,Unknown,1,1315,1156,0
810,1,1,1,0,0,0,1,0,394,278,0
811,0,0,1,0,1,1,1,1,765,1953,1
812,1,0,1,1,1,0,0,Unknown,4127,1148,1
813,Unknown,0,1,1,1,1,1,1,336,1565,0
814,0,0,0,1,1,1,0,1,4975,4096,0
815,1,0,0,0,1,0,1,0,3382,1354,1
816,0,0,1,1,1,0,1,1,1773,1391,1
817,Unknown,1,1,1,1,0,Unknown,0,407,1759,0
818,0,0,1,1,1,0,1,0,350,807,1
819,1,0,1,1,1,0,0,0,584,535,0
820,1,1,0,1,1,1,Unknown,1,517,559,1
821,1,1,0,0,1,1,0,1,535,5668,1
822,1,0,1,1,0,0,1,0,1215,354,1
823,1,1,1,0,0,0,0,0,1987,4514,1
824,1,0,1,1,1,1,Unknown,0,3697,2000,0
825,0,0,1,1,1,0,Unknown,0,2979,148,0
826,1,0,1,1,0,1,Unknown,1,2059,739,1
827,1,0,1,1,1,0,0,1,1058,482,0
828,0,1,0,1,1,0,1,0,523,92,0
829,Unknown,0,0,0,1,0,0,Unknown,3784,2119,1
830,1,0,0,0,0,1,0,1,1133,1245,0
831,Unknown,1,0,1,0,0,0,0,461,842,0
832,1,1,1,0,1,0,1,1,239,1081,0
833,0,0,1,1,1,0,0,0,4190,903,1
834,0,0,0,0,0,1,1,Unknown,3461,10457,1
835,0,0,1,0,1,1,Unknown,0,1141,623,1
836,0,1,0,0,1,1,1,1,2038,468,0
837,1,0,1,1,1,1,0,0,424,3081,1
838,1,0,1,1,1,0,1,1,20925,1309,0
839,1,0,1,1,1,0,0,1,1217,1595,0
840,1,0,0,1,1,1,0,1,648,1883,0
841,0,0,0,1,1,1,1,1,742,703,0
842,0,0,1,1,0,1,Unknown,1,1551,2365,0
843,Unknown,0,1,0,1,0,0,1,729,1035,1
844,1,0,0,1,1,0,0,1,1050,2079,1
845,1,0,1,1,1,0,1,0,1951,355,1
846,0,0,1,1,1,1,0,1,591,764,0
847,1,1,0,1,1,1,0,1,2157,617,0
848,1,0,1,1,1,1,0,1,1463,4069,0
849,Unknown,1,0,0,0,0,1,0,992,2488,0
850,1,1,0,0,1,1,0,1,1000,2223,0
851,1,1,1,1,1,0,1,1,2700,550,0
852,1,1,0,1,0,1,0,1,564,346,0
853,1,0,0,1,0,1,0,Unknown,939,861,1
854,1,0,1,1,1,1,1,0,965,871,0
855,0,1,0,1,0,0,1,Unknown,1475,5307,1
856,Unknown,1,1,0,0,0,0,1,297,1806,0
857,0,1,0,0,1,1,0,0,2295,390,1
858,0,1,1,1,1,1,0,0,8793,224,0
859,1,1,1,1,1,0,1,0,3238,763,0
860,0,0,1,0,1,1,0,0,1293,353,1
861,1,1,0,1,1,0,1,0,3100,392,0
862,1,0,1,1,0,0,0,0,962,277,1
863,0,0,1,1,1,1,1,0,196,1840,1
864,1,1,1,1,1,0,0,Unknown,863,430,0
865,0,1,0,0,0,0,Unknown,0,1527,741,1
866,1,1,1,1,0,1,0,0,986,1023,1
867,1,0,1,0,1,0,0,1,788,139,1
868,0,1,0,1,1,0,1,1,2702,1283,0
869,1,0,0,1,1,0,0,0,2746,1714,1
870,0,0,1,1,1,1,Unknown,1,1487,9060,1
871,0,1,1,0,1,1,0,0,315,730,0
872,0,1,1,1,0,0,0,Unknown,1144,743,1
873,1,1,0,1,0,1,1,0,6731,453,0
874,0,1,0,1,1,1,0,1,2336,443,0
875,0,0,1,0,1,1,0,1,2047,413,1
876,Unknown,0,0,1,1,0,Unknown,1,955,1537,1
877,Unknown,0,1,1,0,0,0,0,434,456,1
878,0,0,1,0,0,0,0,0,10500,1808,1
879,0,1,1,1,1,0,0,1,525,1730,1
880,1,1,0,1,1,0,0,0,265,455,0
881,0,1,0,1,1,0,0,1,574,3867,1
882,0,0,0,1,1,1,1,1,1940,1595,0
883,1,1,0,0,1,0,0,Unknown,266,766,1
884,1,0,1,1,0,1,0,1,857,2179,1
885,1,1,0,0,1,1,1,1,2144,485,0
886,1,1,0,1,0,1,0,1,251,301,1
887,0,0,0,0,1,0,0,1,4596,644,0
888,0,0,1,1,1,0,1,1,1400,1419,0
889,0,0,1,1,1,0,0,0,341,864,1
890,Unknown,0,1,0,1,1,0,0,4703,770,1
891,1,1,0,0,1,0,1,Unknown,1713,546,0
892,0,1,0,0,0,0,0,0,2405,4090,1
893,1,0,1,0,1,0,0,1,1004,539,0
894,1,0,1,1,0,0,0,0,4892,1744,1
895,1,0,1,1,1,0,1,1,1075,561,0
896,1,1,0,0,1,0,1,1,13616,2806,0
897,1,0,1,1,0,0,0,1,732,193,1
898,0,0,1,0,0,1,1,0,1841,605,0
899,1,0,0,1,0,0,0,1,1780,745,0
900,Unknown,1,0,0,1,0,0,1,1244,1358,1
901,Unknown,1,1,1,0,0,1,0,487,7349,1
902,0,0,0,1,0,0,Unknown,0,2908,4595,0
903,0,1,1,0,0,0,1,0,1087,3523,1
904,1,1,0,0,0,0,Unknown,1,113,753,1
905,0,0,1,1,1,0,0,0,916,1435,1
906,0,0,1,1,0,0,Unknown,0,796,4900,1
907,1,0,0,0,1,0,0,1,1260,751,1
908,1,1,1,0,1,1,1,1,1769,239,0
909,1,1,1,0,1,1,0,0,2096,1334,0
910,0,0,1,0,0,0,0,1,15549,267,1
911,1,1,1,1,1,0,1,0,794,636,0
912,0,1,1,0,1,1,1,0,1152,357,1
913,Unknown,1,1,0,1,1,1,1,724,1088,0
914,1,1,0,0,1,1,1,0,511,441,0
915,0,1,0,1,0,0,0,Unknown,6948,1108,1
916,Unknown,0,0,0,0,0,0,0,1679,511,1
917,Unknown,1,0,1,1,1,0,0,3168,1242,0
918,0,1,0,0,1,1,0,0,1633,1338,1
919,1,0,0,1,1,0,0,1,2112,1966,0
920,0,0,0,1,1,1,1,0,1616,1056,1
921,0,0,1,0,1,0,1,0,1239,131,1
922,0,0,1,0,0,0,0,0,2228,8228,1
923,1,0,1,1,1,1,0,Unknown,1091,661,0
924,1,0,0,1,0,0,1,1,1317,352,0
925,1,0,1,1,1,1,1,0,4017,1316,0
926,1,0,1,1,1,0,0,0,1542,2016,1
927,0,0,0,0,1,0,0,0,1147,1287,0
928,1,0,1,0,1,0,Unknown,Unknown,1330,549,0
929,Unknown,0,1,1,0,1,0,0,7116,458,0
930,1,0,1,1,0,1,0,0,1007,206,1
931,Unknown,1,1,1,0,0,0,0,1360,425,1
932,0,0,1,1,0,1,1,1,653,1669,0
933,1,1,0,0,1,1,0,0,179,4259,0
934,0,0,1,1,0,1,0,Unknown,4040,842,1
935,0,0,1,1,0,0,0,1,1006,13915,0
936,0,1,0,1,1,1,1,1,987,1547,0
937,1,1,1,1,1,0,0,0,1868,361,0
938,1,1,0,0,1,0,0,0,3591,3110,1
939,0,1,1,1,0,0,0,0,1633,2088,1
940,0,0,1,1,0,0,1,1,761,2248,0
941,1,0,0,1,1,1,1,0,754,855,0
942,0,1,1,0,1,0,0,1,1269,850,1
943,Unknown,0,1,0,0,0,0,0,1234,2352,1
944,0,1,0,1,0,0,1,0,962,1345,0
945,Unknown,0,1,1,1,0,0,0,194,4397,1
946,0,1,0,1,1,0,0,1,1710,582,0
947,Unknown,1,0,1,1,0,1,0,1896,919,1
948,1,0,0,1,1,0,1,1,1565,2660,1
949,1,1,0,0,1,1,1,0,1256,261,0
950,0,0,1,1,1,0,Unknown,1,2544,457,0
951,1,0,0,1,1,1,1,1,2222,573,0
952,0,1,1,1,1,0,0,1,3089,659,0
953,Unknown,0,1,0,1,1,1,0,2099,1878,0
954,1,1,1,0,1,0,0,Unknown,3667,264,1
955,1,0,1,0,1,1,0,Unknown,1088,2475,0
956,1,1,0,1,1,0,0,1,3394,2382,0
957,1,0,1,1,1,0,0,0,1498,536,0
958,0,0,1,1,1,0,0,0,765,373,0
959,1,0,0,1,0,1,0,1,217,826,0
960,1,0,1,1,1,0,0,0,5145,933,1
961,1,1,1,1,1,0,0,0,1668,372,0
962,1,1,1,0,0,1,0,0,1425,1038,1
963,Unknown,0,1,1,1,1,1,1,1415,1835,0
964,1,1,1,1,0,0,0,0,1705,554,0
965,1,1,1,1,0,1,0,0,2159,506,1
966,0,0,1,1,1,0,0,1,1340,2249,1
967,1,1,1,1,1,1,1,1,336,281,0
968,1,1,0,1,1,1,0,0,697,1145,0
969,0,1,1,1,1,1,1,0,3078,1365,0
970,0,0,1,0,1,0,1,0,1714,591,1
971,Unknown,1,1,1,1,0,Unknown,1,617,4254,1
972,1,1,0,1,1,0,0,0,898,670,0
973,1,0,0,0,1,0,1,0,1554,2400,0
974,1,0,1,0,1,1,Unknown,Unknown,1700,309,1
975,1,0,1,1,0,0,1,0,1451,364,0
976,1,0,0,1,1,1,0,1,1179,624,1
977,Unknown,1,0,1,0,0,1,1,582,280,1
978,0,1,1,0,0,0,1,0,860,1061,1
979,0,0,1,1,0,0,1,0,525,1642,1
980,0,1,1,1,1,1,0,1,1466,1514,0
981,0,1,0,1,1,1,0,0,325,1401,1
982,Unknown,1,1,1,1,1,1,0,541,1096,1
983,1,0,0,1,1,0,1,1,3911,672,1
984,0,0,0,1,0,1,1,Unknown,2828,239,1
985,0,1,1,1,1,0,1,0,1112,14966,1
986,0,1,1,1,1,0,0,0,1525,1162,1
987,0,0,0,0,1,0,0,0,2603,3156,1
988,1,1,1,1,1,1,1,1,1364,441,0
989,1,0,1,1,1,0,0,0,1451,1332,0
990,1,1,1,1,1,1,0,0,2326,242,0
991,Unknown,1,1,0,1,1,Unknown,Unknown,2048,997,0
992,Unknown,0,1,0,0,1,Unknown,1,780,1470,1
993,1,0,1,1,1,0,Unknown,1,637,1256,0
994,0,0,0,0,0,1,0,1,542,135,0
995,0,1,1,0,1,1,1,1,513,732,0
996,Unknown,1,1,1,0,1,1,0,1022,166,0
997,1,0,1,1,1,0,1,1,1469,1242,0
998,Unknown,0,1,0,1,0,Unknown,1,4431,870,1
999,Unknown,1,1,1,1,1,0,1,363,2253,0
1000,0,1,1,1,0,0,1,1,5942,295,0
1001,0,0,1,0,1,1,1,0,487,711,1
1002,0,0,0,1,0,1,1,0,644,346,1
1003,0,1,1,1,0,1,0,0,678,2998,0
1004,1,1,0,1,1,0,1,1,2519,1313,0
1005,0,0,1,1,1,0,0,1,1575,2848,1
1006,0,0,1,1,1,0,0,1,538,1232,0
1007,Unknown,0,1,0,1,0,1,1,300,559,1
1008,0,1,1,1,1,0,0,Unknown,918,3642,1
1009,1,1,0,0,0,1,0,0,1233,1018,1
1010,1,1,1,0,0,0,0,0,706,897,0
1011,1,1,1,1,0,1,1,0,2109,2474,0
1012,1,1,1,0,0,1,0,1,5543,1585,0
1013,Unknown,0,1,0,1,1,0,0,1432,186,1
1014,0,1,0,1,0,0,0,0,2973,931,1
1015,1,1,0,0,0,0,0,1,1388,938,0
1016,1,0,1,0,0,0,0,1,597,496,0
1017,0,1,1,1,1,1,Unknown,0,254,920,0
1018,0,1,1,0,1,0,0,1,1677,371,0
1019,0,0,0,1,1,0,0,0,2295,968,1
1020,0,1,1,0,0,0,0,0,1871,2168,1
1021,0,0,1,0,0,1,0,0,1368,409,0
1022,0,0,0,1,1,0,Unknown,Unknown,2504,9446,1
1023,1,1,1,1,1,1,1,1,1620,551,0
1024,1,0,1,1,0,0,0,0,3783,4434,1
1025,1,0,1,1,0,0,0,0,1856,563,0
1026,Unknown,0,1,0,0,0,1,Unknown,9290,1058,1
1027,1,0,1,1,1,0,0,0,748,2694,1
1028,0,0,0,1,1,0,0,0,5834,3502,1
1029,1,1,0,1,1,1,0,1,3672,1982,1
1030,Unknown,1,0,1,0,1,0,0,652,1326,1
1031,0,1,0,0,1,0,0,0,391,616,0
1032,1,0,1,1,1,0,1,1,1888,4130,0
1033,1,0,0,0,1,1,0,1,1840,211,0
1034,1,0,1,0,0,1,Unknown,1,393,720,1
1035,1,1,1,1,1,0,0,0,736,942,0
1036,0,0,0,0,1,0,0,0,2082,540,0
1037,Unknown,1,0,0,0,1,0,0,1288,525,1
1038,1,1,1,1,1,1,0,1,1711,248,1
1039,0,0,1,1,1,1,0,0,5456,4411,0
1040,0,1,0,1,0,0,0,Unknown,1136,1365,0
1041,0,0,0,1,1,0,0,Unknown,311,1022,1
1042,1,0,0,1,1,0,0,1,1408,433,0
1043,0,0,0,1,0,1,0,1,3565,569,0
1044,1,0,0,1,0,0,1,1,2511,1646,0
1045,1,1,0,1,1,0,0,0,1091,631,1
1046,1,1,1,0,1,1,1,0,380,305,0
1047,0,0,1,1,1,1,0,0,1839,83,1
1048,Unknown,0,0,1,1,0,1,0,1542,269,1
1049,1,0,0,0,1,0,Unknown,1,1574,1689,1
1050,0,1,0,1,0,0,0,0,359,371,1
1051,1,0,0,1,0,1,0,0,650,659,1
1052,0,1,0,1,1,1,0,0,890,300,0
1053,0,0,0,0,1,0,1,1,897,307,0
1054,Unknown,0,1,1,0,1,1,0,4439,415,0
1055,0,1,0,1,1,1,0,1,1499,257,0
1056,0,1,1,1,1,0,0,0,3173,809,1
1057,1,0,1,1,1,0,0,0,856,408,0
1058,1,0,1,1,0,1,1,0,453,1140,1
1059,1,1,1,1,1,0,1,1,1293,2763,0
1060,1,1,1,0,0,0,0,0,2713,1695,1
1061,1,0,1,1,1,0,1,Unknown,811,3203,0
1062,1,0,1,0,1,1,0,1,548,294,1
1063,1,1,0,1,1,0,1,0,1844,1155,0
1064,1,1,1,1,1,0,0,1,1763,2203,0
1065,1,1,0,1,1,0,0,0,4784,881,0
1066,0,0,0,0,1,1,1,0,2400,1184,1
1067,1,1,0,1,0,1,1,0,1328,619,1
1068,1,0,0,0,1,0,1,0,855,2980,0
1069,1,0,1,1,1,1,1,1,3848,2683,0
1070,1,0,1,0,1,1,0,0,1961,500,1
1071,0,0,0,1,1,0,0,0,521,657,0
1072,1,1,1,1,1,0,0,Unknown,1067,1078,1
1073,0,0,1,0,1,0,0,0,2233,188,1
1074,Unknown,1,0,1,1,1,Unknown,1,2969,333,1
1075,1,0,0,1,0,0,1,0,435,570,0
1076,1,0,1,0,1,0,Unknown,0,3210,1171,1
1077,1,0,0,1,1,0,0,0,3143,350,1
1078,0,1,1,1,1,1,1,1,2627,801,0
1079,1,1,1,1,1,1,1,1,1368,300,0
1080,0,1,1,1,0,1,1,1,1574,1055,0
1081,Unknown,0,1,0,0,0,0,1,1448,683,1
1082,1,0,0,1,1,1,0,1,1287,936,0
1083,0,1,0,0,0,1,0,0,853,1162,1
1084,1,0,0,0,0,0,0,Unknown,1335,1094,1
1085,0,0,0,0,0,1,0,0,2104,645,1
1086,1,1,0,1,1,1,0,0,1673,301,1
1087,Unknown,0,1,1,1,1,0,0,832,725,1
1088,0,1,1,0,0,0,0,Unknown,2524,1022,1
1089,1,0,1,0,1,1,Unknown,0,1550,397,0
1090,1,1,0,1,1,0,0,1,607,497,0
1091,0,0,0,0,1,1,0,1,680,322,0
1092,0,1,1,1,1,0,0,0,1740,189,1
1093,1,0,0,1,1,0,1,0,3719,876,1
1094,Unknown,1,1,1,1,0,1,0,395,1633,0
1095,0,0,0,1,0,1,0,0,529,1318,1
1096,0,1,1,0,1,0,1,1,2625,1375,0
1097,0,0,1,0,1,0,1,0,1517,2360,0
1098,1,0,1,1,0,0,0,1,777,399,0
1099,1,1,0,1,1,0,1,1,1522,2005,0
1100,1,0,1,1,1,1,0,1,6727,1971,0
1101,0,1,0,1,0,0,Unknown,0,3732,2385,1
1102,1,0,1,1,1,0,0,1,1086,571,0
1103,0,1,1,1,0,0,1,Unknown,1022,178,0
1104,0,0,0,0,0,0,0,0,1250,443,1
1105,1,1,1,0,1,0,Unknown,1,1071,613,0
1106,1,0,0,1,1,1,0,0,1568,3657,0
1107,0,0,1,1,1,1,0,0,2143,430,0
1108,Unknown,1,1,1,0,0,1,0,831,259,0
1109,1,0,0,0,1,0,1,1,1753,1316,0
1110,0,0,1,1,0,1,0,1,486,982,1
1111,0,0,0,0,1,0,0,1,959,614,1
1112,1,1,0,1,0,0,0,Unknown,1549,453,1
1113,1,1,1,1,1,0,1,0,539,801,1
1114,1,1,0,0,1,1,1,0,2665,655,0
1115,0,0,1,1,1,1,0,1,4776,747,1
1116,0,1,0,0,1,0,0,0,1159,1402,1
1117,0,0,1,1,1,1,0,0,124,950,0
1118,0,1,0,1,1,0,0,0,3292,223,1
1119,Unknown,1,0,1,0,1,0,Unknown,4127,1063,0
1120,0,1,0,0,0,0,0,0,981,286,0
1121,1,0,1,0,1,0,0,1,2883,446,0
1122,1,1,0,0,1,0,0,1,7058,2841,0
1123,1,1,1,1,0,1,1,0,1848,1090,0
1124,Unknown,1,1,0,1,0,Unknown,1,945,1083,1
1125,0,1,1,1,1,0,0,0,605,1800,0
1126,1,0,1,1,1,1,0,0,908,168,0
1127,0,1,1,0,1,1,1,1,553,513,0
1128,0,0,1,1,0,0,0,1,577,1135,1
1129,0,1,0,0,0,1,0,0,2193,1175,1
1130,Unknown,1,0,1,1,1,0,1,2080,608,0
1131,0,0,1,1,1,0,0,0,1167,424,1
1132,1,1,1,0,1,0,0,0,877,345,1
1133,0,0,1,1,1,0,0,1,733,620,1
1134,Unknown,0,1,0,1,0,0,1,831,3064,1
1135,1,0,1,1,1,0,0,Unknown,665,1882,1
1136,0,0,0,1,1,0,1,1,1365,773,0
1137,0,1,0,0,1,1,0,0,3708,406,1
1138,0,0,1,1,1,0,0,Unknown,247,1260,1
1139,Unknown,0,0,1,1,1,0,0,339,471,1
1140,1,1,1,1,1,1,1,1,502,1060,0
1141,0,1,0,0,1,1,1,Unknown,1154,378,0
1142,1,1,0,1,1,0,0,0,1638,2020,0
1143,1,1,1,1,0,0,1,1,3777,464,0
1144,Unknown,1,0,1,1,0,0,0,518,702,1
1145,0,0,0,0,1,0,0,1,1617,100,0
1146,0,1,1,0,1,0,0,0,2053,509,1
1147,0,0,1,0,1,0,0,1,878,608,1
1148,0,1,1,0,0,0,1,0,325,399,0
1149,0,0,1,1,0,0,0,1,1238,879,0
1150,1,1,1,1,1,0,0,1,1016,3306,0
1151,1,0,0,0,1,1,0,1,1746,2637,1
1152,0,0,0,1,1,0,0,Unknown,1625,540,1
1153,0,1,0,1,1,1,1,1,1519,1100,1
1154,1,1,0,1,1,1,1,0,1295,400,1
1155,Unknown,0,0,1,1,1,1,0,2306,590,1
1156,0,1,0,1,0,1,0,0,892,1333,1
1157,0,1,0,1,1,0,0,0,7381,490,0
1158,1,1,0,1,0,0,1,0,1402,2395,0
1159,1,0,0,1,0,1,Unknown,1,670,245,1
1160,1,0,0,1,1,1,1,0,2527,702,1
1161,0,1,1,1,0,1,0,1,1442,2367,0
1162,0,0,1,0,1,1,0,0,5128,686,0
1163,0,0,1,0,1,1,0,1,3288,639,1
1164,Unknown,0,1,1,1,1,1,0,514,688,0
1165,1,0,0,1,0,0,0,1,1859,3717,1
1166,1,0,0,1,1,1,0,1,818,6073,1
1167,0,1,1,0,0,1,1,0,2949,764,0
1168,1,1,1,1,0,1,0,0,1670,267,1
1169,0,0,1,0,1,0,0,0,4905,479,1
1170,1,0,1,0,1,0,Unknown,0,3895,1942,1
1171,1,1,0,0,1,1,0,1,280,617,0
1172,1,0,0,1,0,1,1,1,1481,857,1
1173,1,0,1,1,1,0,Unknown,0,4438,1039,0
1174,1,0,0,1,0,0,1,1,701,9337,1
1175,0,0,1,0,0,1,1,0,480,718,0
1176,Unknown,0,1,1,1,0,0,1,695,917,0
1177,0,0,1,1,1,0,1,1,3037,1693,1
1178,1,1,1,0,0,0,0,0,492,474,1
1179,0,1,0,0,0,0,1,0,543,4226,1
1180,0,0,0,1,1,1,0,0,406,190,0
1181,1,1,1,1,1,1,0,1,648,666,0
1182,0,0,0,1,1,1,0,0,636,518,1
1183,Unknown,1,1,0,1,1,0,0,1746,1355,1
1184,0,1,1,1,1,0,1,0,832,900,0
1185,1,1,1,1,1,0,0,0,1259,1036,0
1186,0,0,0,0,1,1,0,1,388,13684,0
1187,0,0,0,0,0,0,1,0,616,676,0
1188,1,0,0,1,1,0,1,0,384,809,0
1189,0,0,1,0,1,0,1,1,2268,458,0
1190,1,1,1,0,1,0,0,0,1541,209,0
1191,1,1,1,1,1,1,0,1,2010,1291,0
1192,1,1,0,0,1,0,0,0,6557,497,0
1193,1,0,0,0,1,0,0,0,622,416,1
1194,1,0,0,1,0,1,0,0,805,472,1
1195,1,0,1,1,0,0,1,1,1239,1302,0
1196,0,1,1,1,1,0,1,1,2182,1724,0
1197,1,1,1,1,0,1,1,1,3407,769,0
1198,0,1,1,1,1,0,1,0,3470,1564,1
1199,0,1,0,0,1,1,0,0,386,945,1
1200,1,0,1,0,1,1,0,0,936,615,1
1201,0,0,1,1,1,0,0,0,921,1182,1
1202,1,1,1,1,1,1,0,1,522,868,0
1203,0,1,1,1,1,1,Unknown,1,1572,659,1
1204,0,0,1,1,1,1,0,0,4500,1022,1
1205,0,0,0,1,1,0,Unknown,0,2700,540,1
1206,0,0,0,0,1,1,0,1,1957,291,0
1207,0,0,1,1,1,0,0,1,1227,312,1
1208,0,0,0,1,1,1,0,0,9106,190,1
1209,1,1,1,0,0,0,1,1,4421,720,1
1210,0,0,1,0,1,1,Unknown,0,1598,736,1
1211,1,0,1,1,1,0,Unknown,Unknown,536,2052,1
1212,1,1,1,1,1,1,0,0,1532,6934,1
1213,Unknown,1,0,0,1,0,0,0,708,1866,1
1214,0,0,1,0,1,0,1,0,536,537,0
1215,0,0,1,1,1,0,0,1,312,1666,1
1216,0,0,0,1,1,0,Unknown,Unknown,480,1438,1
1217,0,0,1,1,0,1,1,0,1321,940,1
1218,0,0,0,1,0,1,1,0,487,4499,1
1219,1,1,0,0,1,0,1,0,5304,760,0
1220,0,1,1,1,1,1,0,0,761,1503,1
1221,0,0,0,1,1,0,0,1,1689,451,1
1222,1,0,0,1,1,0,0,0,759,2965,1
1223,1,0,1,1,1,1,0,1,1288,481,0
1224,0,1,1,1,1,0,0,0,1208,2274,0
1225,0,1,0,0,1,1,1,1,3084,2333,0
1226,0,1,0,0,0,1,Unknown,0,307,2223,1
1227,0,0,1,1,0,0,0,1,401,3662,0
1228,0,0,1,1,1,0,0,1,1203,2691,1
1229,0,0,1,1,1,1,Unknown,1,2045,324,1
1230,1,1,1,1,1,0,1,1,1663,514,0
1231,0,0,1,0,1,1,1,0,2513,550,1
1232,0,1,0,0,1,0,1,0,251,295,0
1233,0,0,1,1,1,1,0,Unknown,14280,461,1
1234,1,0,0,1,1,0,0,1,1321,311,1
1235,0,0,1,1,0,0,1,0,1597,2281,0
1236,0,0,0,1,1,0,0,1,4764,4252,0
1237,0,1,1,1,1,1,1,1,489,898,0
1238,1,0,1,1,1,0,Unknown,0,620,724,1
1239,0,0,0,1,1,0,0,1,2479,979,0
1240,0,0,0,0,0,0,0,0,3138,496,1
1241,1,0,1,1,0,0,0,1,2840,426,1
1242,1,0,1,0,1,0,0,1,605,182,0
1243,1,1,1,1,1,1,0,Unknown,2898,715,0
1244,Unknown,1,1,1,1,1,1,1,468,2749,1
1245,1,1,0,0,1,1,1,1,841,2014,0
1246,1,0,1,1,1,0,0,0,3355,6757,0
1247,0,1,0,1,1,0,1,1,409,757,0
1248,1,1,1,0,0,1,0,1,2351,533,1
1249,1,0,0,0,1,0,0,1,1023,450,0
1250,1,0,1,1,0,1,0,0,3566,1205,1
1251,Unknown,0,1,1,1,0,0,1,2495,1385,0
1252,0,0,0,0,1,1,1,0,2395,531,0
1253,0,0,1,1,1,1,0,1,4660,774,1
1254,1,0,0,1,0,1,0,0,1742,2151,1
1255,1,0,1,0,0,1,0,1,3024,1022,0
1256,0,1,1,0,0,0,0,1,923,6389,1
1257,0,0,1,1,1,1,0,0,1578,1252,0
1258,1,1,0,0,1,1,0,0,290,247,0
1259,1,0,1,1,1,1,0,Unknown,1627,161,1
1260,Unknown,1,0,1,1,0,1,0,714,5364,0
1261,1,1,1,1,1,1,0,0,2920,826,0
1262,1,1,1,0,1,0,0,1,555,1868,0
1263,0,1,1,1,1,1,Unknown,0,1304,195,1
1264,1,0,1,1,1,1,0,Unknown,2279,2306,1
1265,1,0,1,0,1,0,1,0,3263,230,0
1266,1,1,1,1,0,1,0,1,1186,287,1
1267,1,0,0,1,0,0,0,0,578,3116,0
1268,0,1,1,1,1,1,0,1,3497,1746,0
1269,1,0,0,1,1,0,0,0,1851,851,0
1270,0,1,1,1,1,0,0,1,428,259,0
1271,Unknown,0,1,1,1,1,0,1,756,1178,0
1272,Unknown,0,1,1,1,0,0,0,3676,724,1
1273,0,0,1,1,1,1,0,0,3646,963,1
1274,1,0,1,1,1,0,1,1,5893,597,0
1275,1,0,1,0,0,0,0,0,3638,2648,1
1276,1,0,0,1,0,1,Unknown,1,1080,3457,1
1277,Unknown,0,1,0,1,1,Unknown,1,3223,511,1
1278,0,1,0,1,0,0,0,0,1048,667,1
1279,1,1,1,0,1,1,Unknown,0,4713,2202,0
1280,1,0,1,1,0,1,1,Unknown,768,550,0
1281,0,1,0,1,1,0,Unknown,1,1709,1291,0
1282,1,0,1,1,1,0,1,Unknown,2924,377,0
1283,1,0,1,1,0,0,1,1,1065,554,0
1284,0,1,0,1,0,0,0,1,2375,324,0
1285,1,1,0,0,1,1,1,Unknown,1731,1542,0
1286,1,1,1,0,0,1,1,0,984,599,1
1287,0,1,1,0,1,0,0,1,4105,1512,1
1288,Unknown,1,0,1,0,1,0,0,2953,1579,1
1289,Unknown,0,0,0,1,0,1,1,2389,195,0
1290,0,1,0,1,0,1,0,0,2952,943,1
1291,0,1,0,0,1,1,1,1,1788,3195,0
1292,1,1,1,1,1,1,Unknown,1,2282,799,0
1293,1,1,1,0,1,0,0,1,543,278,0
1294,0,0,1,0,1,0,1,1,1929,479,0
1295,1,0,0,1,1,0,0,Unknown,2297,1315,0
1296,1,1,1,1,1,1,Unknown,0,1842,154,0
1297,1,0,1,0,0,1,1,0,491,721,1
1298,0,0,1,1,1,0,0,1,1623,1150,1
1299,0,1,0,1,1,0,1,Unknown,2470,1335,1
1300,Unknown,0,0,1,1,0,0,0,918,899,0
1301,Unknown,0,1,0,0,0,Unknown,1,1553,1799,0
1302,1,1,0,0,1,0,1,0,901,238,1
1303,1,1,1,0,1,0,0,0,885,352,1
1304,0,1,1,0,1,0,1,1,3778,400,1
1305,0,1,1,1,1,0,1,0,1771,382,1
1306,Unknown,0,0,1,1,0,0,0,2054,2123,0
1307,0,1,0,1,0,1,1,0,1343,1362,0
1308,0,1,1,1,1,0,1,1,612,186,1
1309,0,0,1,1,1,0,0,1,1847,547,1
1310,0,0,0,0,0,0,0,Unknown,783,1464,1
1311,0,1,1,0,1,1,0,1,2419,517,1
1312,0,1,1,0,1,1,1,1,139,373,0
1313,0,1,1,1,1,0,Unknown,0,1362,739,0
1314,Unknown,1,1,1,0,0,1,1,579,3263,1
1315,0,1,1,1,0,0,1,Unknown,544,343,0
1316,0,0,1,1,1,1,Unknown,1,3658,2177,0
1317,0,0,0,0,0,0,1,1,1063,475,0
1318,1,0,0,1,1,1,0,1,2029,225,0
1319,1,1,1,0,0,0,0,0,261,8044,1
1320,0,1,0,1,1,1,0,0,2058,400,1
1321,1,1,1,1,0,1,0,Unknown,585,1318,0
1322,1,1,1,1,1,0,1,1,920,3864,0
1323,0,0,1,0,1,1,0,0,2136,1273,1
1324,1,1,0,1,1,1,Unknown,1,709,4311,1
1325,1,1,1,1,1,1,1,0,1654,283,0
1326,1,0,1,1,1,1,0,Unknown,6321,1831,0
1327,0,0,0,0,1,0,0,Unknown,1771,752,1
1328,1,0,0,1,0,0,0,1,899,1876,1
1329,1,1,1,1,1,1,1,0,1266,1549,0
1330,1,1,0,1,0,1,1,1,1857,599,0
1331,1,1,1,0,0,0,0,Unknown,569,2528,1
1332,1,1,0,1,0,0,0,1,432,694,0
1333,1,1,0,1,1,0,0,1,2200,73,0
1334,0,1,0,1,1,0,0,1,682,256,0
1335,1,1,0,1,1,1,0,Unknown,618,1054,0
1336,1,0,1,0,1,0,Unknown,1,1275,5751,1
1337,1,0,0,0,1,0,0,0,618,2325,1
1338,1,0,1,1,1,1,0,Unknown,655,1164,0
1339,1,1,1,1,1,0,0,1,1490,202,1
1340,1,1,0,0,1,1,1,0,1217,1013,0
1341,0,1,0,0,1,1,Unknown,0,728,1120,1
1342,0,1,1,1,1,0,1,0,4189,744,1
1343,1,1,0,1,1,0,1,0,738,397,0
1344,0,0,0,1,0,0,1,0,254,3761,1
1345,0,1,0,0,1,0,1,1,610,2198,1
1346,0,0,1,0,1,1,0,0,3087,1795,1
1347,1,0,1,0,1,0,Unknown,0,3374,1351,0
1348,1,0,1,1,0,1,1,1,2364,5055,1
1349,0,0,0,1,1,1,1,1,1512,5193,0
1350,1,1,1,0,0,1,0,0,370,460,1
1351,1,0,0,1,1,1,1,0,4076,1280,1
1352,0,1,0,1,0,1,1,0,2249,1154,0
1353,1,0,0,1,1,0,0,1,1472,263,0
1354,0,0,0,1,0,0,1,0,1275,1781,0
1355,1,0,1,1,1,1,1,1,2167,604,1
1356,1,1,1,0,1,1,0,1,1463,2176,0
1357,1,1,1,0,0,0,0,0,1702,376,1
1358,1,0,1,1,0,0,0,0,1090,609,1
1359,0,1,1,1,1,1,0,1,1088,132,0
1360,Unknown,1,1,0,1,1,1,1,3515,1033,0
1361,0,0,1,0,1,1,0,1,592,344,1
1362,1,0,0,1,1,1,1,1,503,744,0
1363,1,1,1,0,0,1,1,1,2079,2219,0
1364,1,0,1,0,1,0,1,1,1342,185,0
1365,1,0,0,1,1,1,0,0,1564,714,1
1366,1,0,1,1,1,1,0,1,5130,437,1
1367,1,0,1,1,1,0,0,1,2082,6987,1
1368,0,0,1,0,1,0,Unknown,Unknown,940,996,1
1369,0,1,1,0,0,0,1,0,875,446,0
1370,1,0,0,1,1,1,1,1,1628,2127,0
1371,0,1,0,1,0,1,0,Unknown,727,3780,1
1372,1,1,0,0,0,1,0,0,202,956,1
1373,0,1,1,1,1,1,1,0,2441,1062,1
1374,0,0,1,1,1,1,1,0,3330,540,0
1375,0,0,0,0,1,1,0,0,481,2382,1
1376,1,1,1,0,1,1,0,0,640,395,0
1377,1,1,0,1,1,1,0,1,1336,886,1
1378,1,0,0,0,1,0,1,1,1180,758,0
1379,0,1,1,1,1,0,0,0,290,1893,1
1380,Unknown,1,0,1,0,1,1,Unknown,989,1877,1
1381,1,0,0,1,1,0,0,0,927,728,1
1382,0,0,1,0,1,1,0,0,1244,388,0
1383,1,0,1,1,0,0,Unknown,1,1746,517,0
1384,0,1,1,1,0,0,1,0,4654,188,0
1385,0,0,0,1,1,1,0,1,1145,732,0
1386,1,0,1,1,0,0,0,1,508,388,0
1387,0,0,0,0,1,0,0,Unknown,3104,318,1
1388,1,1,0,1,1,0,0,0,713,598,1
1389,1,0,1,0,0,1,Unknown,0,1760,228,1
1390,0,1,0,1,1,1,0,0,1222,2299,0
1391,1,0,1,0,1,0,1,0,2815,2132,0
1392,0,0,0,1,1,0,0,1,711,355,1
1393,1,0,1,1,0,1,0,0,449,816,0
1394,0,0,1,1,1,0,0,0,717,148,1
1395,Unknown,1,0,0,1,1,1,1,380,921,0
1396,0,0,0,1,1,0,0,0,1565,604,1
1397,Unknown,0,0,1,1,1,1,0,2506,2534,0
1398,0,0,1,1,0,0,Unknown,0,1626,881,1
1399,Unknown,0,1,1,1,1,1,0,2177,595,1
1400,1,0,0,1,1,1,0,0,1106,601,1
1401,1,0,0,1,0,0,0,0,2347,2671,1
1402,0,0,1,1,0,1,1,1,412,789,1
1403,0,0,1,0,1,1,1,Unknown,2257,2342,1
1404,0,0,0,0,1,1,1,Unknown,554,907,1
1405,1,1,1,1,1,0,0,0,1784,1562,0
1406,0,0,1,0,1,1,Unknown,1,3866,916,1
1407,1,1,0,1,1,1,1,0,1291,1902,0
1408,1,0,0,1,0,1,1,1,220,506,0
1409,1,0,0,0,1,0,1,1,1357,959,1
1410,Unknown,0,0,0,1,0,0,1,2914,898,1
1411,0,0,0,1,1,1,0,1,993,551,1
1412,1,0,1,0,1,0,1,0,5341,1046,1
1413,1,0,0,1,1,1,0,0,3371,2798,1
1414,1,1,0,1,1,1,0,0,863,465,0
1415,1,1,1,1,0,0,0,1,1166,613,0
1416,0,0,1,1,1,0,0,1,524,827,0
1417,0,0,1,1,1,1,0,1,835,668,0
1418,0,1,0,0,1,0,1,1,1225,1083,1
1419,0,1,1,1,1,0,1,0,2079,891,1
1420,Unknown,1,0,0,1,1,0,0,1489,844,0
1421,0,1,1,0,1,1,1,0,3966,2531,0
1422,0,0,1,1,1,0,0,Unknown,271,654,1
1423,1,1,1,1,0,0,1,0,1663,319,0
1424,0,1,1,1,1,1,0,0,243,314,0
1425,1,0,0,1,1,0,1,1,1104,1878,0
1426,1,0,0,1,0,0,0,0,3040,996,1
1427,0,1,1,1,1,0,0,0,2326,2217,1
1428,1,1,0,0,1,0,0,Unknown,4023,356,1
1429,Unknown,1,1,1,1,0,0,0,1536,1844,1
1430,1,1,1,1,1,1,0,Unknown,605,461,1
1431,0,1,0,1,0,1,0,1,4782,1203,1
1432,1,0,1,1,1,0,1,0,1280,226,1
1433,1,1,0,1,0,1,0,Unknown,3761,1979,0
1434,1,1,0,0,0,1,0,0,509,487,1
1435,1,1,1,0,1,1,0,Unknown,349,960,0
1436,Unknown,0,0,1,1,0,1,0,268,3407,0
1437,Unknown,1,1,1,0,0,1,1,1033,1676,0
1438,1,1,0,0,1,0,Unknown,0,1086,666,0
1439,0,0,0,0,1,1,0,0,728,906,1
1440,0,1,1,0,1,1,0,0,1830,2960,1
1441,0,1,0,1,1,1,1,0,2657,1357,0
1442,0,0,1,0,0,1,1,0,2240,2392,1
1443,0,1,0,0,0,0,1,0,420,958,1
1444,0,0,1,1,1,0,1,0,5995,208,0
1445,0,0,0,1,0,1,1,1,628,2438,0
1446,1,0,1,0,0,1,0,1,2012,798,1
1447,1,0,0,1,0,1,1,0,920,2896,0
1448,0,1,0,0,0,0,1,0,646,483,1
1449,1,0,1,0,1,0,1,0,1397,1712,0
1450,Unknown,1,1,1,1,1,0,1,6709,911,0
1451,Unknown,0,0,1,0,0,1,0,1103,336,0
1452,1,1,1,1,1,1,0,0,1124,2022,0
1453,Unknown,1,1,1,1,0,1,0,1301,447,0
1454,0,0,1,0,0,0,0,Unknown,1060,296,1
1455,1,0,0,0,0,1,0,0,779,5392,0
1456,1,1,0,0,1,0,0,0,2176,491,1
1457,0,1,1,1,1,0,0,0,8339,939,1
1458,1,1,1,1,1,0,1,Unknown,881,307,0
1459,Unknown,1,0,0,1,1,1,0,1234,607,1
1460,1,0,0,1,1,1,0,1,6406,1485,0
1461,1,1,1,0,0,0,0,0,3298,2797,1
1462,0,0,1,0,1,1,0,0,355,1271,1
1463,1,0,1,1,0,1,0,0,1825,3144,1
1464,0,1,1,0,1,1,Unknown,1,409,337,1
1465,0,1,1,0,0,0,0,1,303,1166,1
1466,1,0,0,0,1,0,1,0,5878,247,0
1467,Unknown,0,1,1,0,0,0,1,3698,1362,1
1468,0,0,1,1,1,0,1,1,2359,1915,0
1469,0,1,0,1,1,0,Unknown,0,478,282,1
1470,Unknown,1,0,0,1,0,0,1,2277,802,0
1471,0,0,0,0,1,0,1,0,3615,584,1
1472,1,1,0,1,0,1,Unknown,0,5434,130,0
1473,0,0,0,1,1,0,1,0,386,1335,1
1474,1,0,1,0,1,0,1,1,2088,1108,0
1475,0,1,0,1,0,1,0,0,3752,1672,0
1476,1,1,1,1,1,1,0,0,444,313,0
1477,1,0,1,1,0,1,1,0,1300,338,0
1478,1,0,1,1,1,1,0,0,3484,2923,0
1479,1,1,0,0,1,0,0,1,755,589,0
1480,0,0,1,1,1,1,0,0,555,817,0
1481,0,0,0,0,1,0,0,1,1747,575,1
1482,1,1,1,0,1,0,1,1,569,248,0
1483,1,0,0,1,1,0,0,0,2369,662,1
1484,Unknown,0,1,1,1,1,0,0,957,1169,1
1485,1,0,1,1,0,1,0,0,912,2123,1
1486,1,0,0,1,1,1,0,1,870,2354,1
1487,0,0,1,0,1,1,0,0,3035,203,1
1488,Unknown,0,1,0,1,0,0,0,1081,1225,1
1489,0,1,0,1,0,1,0,1,2660,1134,0
1490,0,0,0,0,1,1,0,1,3588,2965,1
1491,0,1,1,1,1,0,1,0,773,1875,0
1492,1,1,1,1,1,0,1,0,1335,143,1
1493,1,0,1,1,1,0,1,0,4822,1405,1
1494,1,0,0,1,0,0,0,1,1177,572,0
1495,0,0,1,1,1,0,1,1,3626,2309,0
1496,1,0,0,1,0,1,0,0,2020,1763,1
1497,0,0,1,1,1,1,1,0,1083,246,1
1498,1,0,1,1,1,1,0,0,424,2863,0
1499,0,0,0,1,1,1,0,1,952,1101,0
1500,0,1,0,1,1,0,1,1,2285,190,1
1501,1,1,1,0,1,1,1,0,785,959,0
1502,1,0,0,0,0,1,0,0,3549,369,1
1503,0,0,1,0,0,1,0,1,4903,561,1
1504,1,1,1,1,1,1,0,1,473,552,0
1505,0,0,0,0,0,0,1,0,1073,962,1
1506,0,0,1,1,1,0,Unknown,1,888,654,1
1507,1,1,0,1,1,0,0,1,4522,724,0
1508,0,0,1,0,1,1,1,0,3490,193,0
1509,1,1,0,1,1,1,0,Unknown,360,966,0
1510,0,0,1,1,1,1,0,1,1613,843,0
1511,0,0,1,1,0,0,1,1,962,1872,1
1512,0,0,1,0,1,1,0,1,3016,610,1
1513,1,0,1,0,1,0,0,0,3593,1134,1
1514,0,1,0,1,1,0,1,0,2031,1239,0
1515,0,1,1,1,1,1,Unknown,1,1226,2359,1
1516,1,1,1,0,1,0,0,Unknown,686,494,0
1517,0,1,1,1,1,0,0,0,843,7128,1
1518,1,1,1,1,0,0,0,0,1127,654,1
1519,1,1,0,0,1,1,0,1,374,1259,0
1520,0,0,1,1,1,1,1,1,3209,1690,0
1521,1,1,0,1,1,0,0,0,1105,411,0
1522,Unknown,1,1,1,0,1,1,1,1060,489,0
1523,1,1,1,0,1,1,Unknown,0,1456,569,1
1524,1,0,1,0,1,0,1,0,977,534,0
1525,1,0,0,1,1,0,0,0,2534,896,0
1526,0,0,1,1,1,0,0,1,758,3615,1
1527,0,1,1,1,1,1,1,0,3040,259,0
1528,0,0,0,1,0,0,0,1,1543,394,0
1529,0,0,0,0,0,1,1,0,1623,209,0
1530,0,0,1,0,0,0,0,0,1211,3667,1
1531,1,1,1,1,0,0,0,0,1360,316,1
1532,1,1,1,1,0,0,1,1,1852,615,1
1533,0,1,1,1,1,0,0,1,448,383,1
1534,Unknown,1,0,0,0,1,Unknown,1,658,4239,0
1535,1,0,1,0,1,1,0,0,622,990,0
1536,1,0,1,1,1,1,0,0,906,5542,1
1537,0,1,1,0,0,0,1,Unknown,733,4095,1
1538,1,0,0,1,1,0,1,1,1415,335,0
1539,0,0,0,1,1,0,1,1,2128,323,0
1540,0,1,1,1,0,1,0,0,203,1249,1
1541,1,1,0,0,1,0,0,0,4060,3672,0
1542,0,0,1,1,0,0,1,1,273,287,0
1543,0,1,0,1,1,0,0,1,1464,1308,0
1544,0,1,1,1,1,1,0,0,1636,2330,0
1545,1,0,0,0,1,0,0,0,2020,1343,1
1546,1,1,0,1,1,0,0,1,652,742,0
1547,1,1,0,1,1,0,0,1,192,5884,0
1548,1,0,1,1,1,0,1,Unknown,1415,132,1
1549,0,1,0,1,0,1,1,1,1798,1719,0
1550,1,1,1,0,1,0,0,0,2394,982,1
1551,Unknown,0,0,1,1,0,0,Unknown,2963,389,0
1552,0,1,1,1,1,0,0,0,5429,3106,1
1553,1,0,1,1,1,1,0,Unknown,964,821,1
1554,0,0,0,1,0,1,1,1,5786,1743,1
1555,0,1,1,0,1,0,0,1,381,3036,0
1556,1,0,0,1,1,0,0,Unknown,5210,571,0
1557,1,1,1,0,1,0,0,0,657,265,0
1558,0,1,1,1,1,0,1,1,1408,2997,0
1559,0,0,0,0,1,0,0,1,1951,1747,0
1560,1,1,1,1,0,1,0,1,1215,1420,1
1561,0,1,1,0,0,0,1,0,1981,3259,0
1562,1,1,1,1,1,0,Unknown,0,2717,391,1
1563,0,1,0,0,1,1,1,1,1207,3239,0
1564,1,1,0,0,0,0,0,1,690,2156,1
1565,Unknown,1,0,1,1,0,0,1,1829,835,0
1566,0,0,0,1,1,0,0,0,1443,1259,1
1567,Unknown,1,0,0,1,0,1,Unknown,1070,1810,1
1568,0,1,1,0,0,0,Unknown,0,2312,875,1
1569,0,0,1,0,1,1,0,0,1317,904,1
1570,1,1,0,0,1,0,0,0,1505,904,1
1571,1,1,1,1,1,1,0,0,1393,2128,1
1572,0,0,1,0,1,0,0,1,4597,1367,0
1573,1,1,1,1,1,1,0,1,3668,503,0
1574,0,1,1,1,1,0,0,1,2287,682,0
1575,Unknown,1,0,1,1,0,0,1,715,1080,0
1576,0,1,1,1,0,0,0,Unknown,1221,1313,1
1577,1,1,1,0,0,1,0,1,1807,1162,0
1578,0,0,0,0,1,0,0,0,3715,1332,0
1579,0,1,1,1,1,0,0,1,3251,2620,1
1580,0,0,1,1,1,1,Unknown,0,284,1172,1
1581,Unknown,0,0,1,1,0,0,1,923,443,0
1582,1,1,1,1,1,0,0,1,4977,656,0
1583,Unknown,0,1,1,1,1,0,1,896,1184,0
1584,0,0,0,1,1,0,Unknown,1,3220,2026,0
1585,1,0,1,0,1,0,0,1,5559,813,0
1586,0,0,1,1,1,1,0,1,1552,595,0
1587,0,1,0,0,0,1,0,1,4627,567,0
1588,1,0,0,1,0,0,Unknown,0,837,421,1
1589,0,0,0,0,1,1,0,0,1361,1077,1
1590,1,1,0,0,1,0,1,1,2281,2375,1
1591,1,0,1,0,1,0,1,1,3401,1578,0
1592,0,1,0,1,0,1,0,Unknown,2544,97,1
1593,Unknown,1,0,1,1,0,0,0,835,240,1
1594,1,1,1,0,1,0,1,0,396,1687,0
1595,Unknown,0,0,0,1,1,0,Unknown,5876,4162,1
1596,1,1,1,0,1,1,Unknown,1,885,2079,1
1597,Unknown,1,1,1,0,0,1,1,1497,466,0
1598,1,0,1,0,1,1,0,1,1133,1065,1
1599,0,1,0,0,1,0,0,0,1079,543,1
1600,1,1,0,1,1,1,0,0,1508,1920,0
1601,0,0,0,0,1,0,1,1,1266,754,0
1602,1,0,1,1,1,1,0,Unknown,3484,1918,1
1603,1,0,1,1,1,0,0,1,856,772,0
1604,1,0,0,1,0,1,0,1,1854,1015,0
1605,0,0,1,0,1,0,Unknown,Unknown,2165,92,1
1606,1,0,1,0,1,0,0,1,1223,1289,0
1607,1,0,1,0,1,1,0,0,3752,785,1
1608,0,1,1,0,1,0,1,1,813,694,0
1609,Unknown,0,1,0,1,0,0,1,247,520,1
1610,1,0,0,1,0,1,0,Unknown,3654,1984,1
1611,0,0,1,1,0,1,0,1,2194,1162,1
1612,1,0,1,0,1,1,0,Unknown,1357,3823,1
1613,1,0,1,1,1,0,1,1,1153,2295,0
1614,1,0,1,1,0,0,0,0,1250,948,0
1615,0,1,0,1,1,0,0,0,2162,2404,1
1616,1,0,0,1,0,1,0,1,1737,161,0
1617,1,0,1,1,0,0,1,0,2797,784,0
1618,Unknown,0,0,0,1,0,0,1,7615,604,1
1619,1,0,1,1,1,0,0,0,1404,648,0
1620,0,1,0,1,1,0,0,Unknown,637,1152,1
1621,1,1,1,1,0,1,1,1,2231,1277,0
1622,0,0,1,1,1,1,1,0,2305,818,0
1623,1,0,0,1,0,0,1,0,553,656,1
1624,1,0,0,1,1,0,0,0,2004,158,0
1625,Unknown,0,1,0,1,1,1,0,1774,4361,1
1626,Unknown,0,1,1,1,0,0,Unknown,2092,416,1
1627,0,1,1,1,1,0,1,Unknown,467,315,0
1628,1,0,0,1,1,0,1,0,3104,532,1
1629,0,1,1,0,0,1,0,1,6384,4740,0
1630,1,0,0,1,1,0,Unknown,0,1011,546,0
1631,Unknown,0,1,1,0,1,0,1,6740,1180,1
1632,0,0,1,0,1,0,1,1,1333,1415,0
1633,1,1,1,0,1,0,0,0,2309,1310,0
1634,1,1,0,0,0,0,Unknown,0,2845,1394,0
1635,1,0,1,1,0,0,0,1,604,1062,0
1636,Unknown,0,1,1,1,0,0,0,2095,1106,1
1637,Unknown,0,0,1,1,0,1,Unknown,1406,853,1
1638,0,0,1,1,1,0,0,0,963,598,1
1639,0,0,1,1,1,1,1,0,2248,2687,1
1640,0,0,1,1,1,0,0,0,8193,862,1
1641,0,0,1,0,0,0,0,Unknown,3785,1214,1
1642,Unknown,1,1,1,0,1,0,0,1897,509,0
1643,1,0,0,0,1,0,1,1,843,3819,0
1644,0,1,1,0,0,1,1,1,558,437,0
1645,1,1,0,0,0,0,1,Unknown,3156,426,1
1646,0,1,0,1,1,0,0,1,2330,475,1
1647,0,0,0,0,1,0,0,0,2942,1609,1
1648,0,1,1,0,0,0,0,0,1150,669,1
1649,1,0,0,0,1,1,1,1,1489,1118,0
1650,1,0,1,0,1,1,0,0,5483,1139,0
1651,1,0,1,0,1,0,1,0,786,780,0
1652,1,0,0,1,0,1,Unknown,0,834,141,1
1653,0,1,1,1,1,1,1,1,1369,490,1
1654,1,0,0,0,0,0,0,Unknown,4237,2180,1
1655,0,0,1,1,1,1,0,Unknown,1628,1435,1
1656,0,1,1,0,1,1,Unknown,0,4549,2780,1
1657,0,1,1,0,1,0,0,1,1612,1415,0
1658,0,0,1,1,0,1,0,1,856,2871,1
1659,0,1,0,0,0,1,1,0,4610,152,1
1660,1,1,1,1,1,0,0,1,1826,576,0
1661,1,0,1,1,1,0,1,0,2780,951,1
1662,0,1,1,0,1,0,0,0,1292,3941,1
1663,0,0,1,1,0,0,0,1,667,434,0
1664,Unknown,0,1,1,0,1,0,0,662,4130,0
1665,0,1,0,1,1,0,0,0,1181,416,0
1666,0,0,1,1,1,0,0,0,8835,1203,1
1667,Unknown,0,0,1,1,0,0,0,1791,481,1
1668,0,1,1,1,1,1,1,0,476,1217,0
1669,1,1,0,0,1,0,1,0,774,456,0
1670,0,0,0,0,1,1,0,0,340,1010,0
1671,1,0,0,1,1,0,0,1,1839,460,1
1672,0,0,1,1,1,1,1,0,3876,1208,0
1673,1,0,1,1,1,0,0,1,434,338,0
1674,0,0,1,0,1,0,0,1,1139,630,1
1675,0,0,1,1,1,0,1,1,1164,3157,0
1676,1,0,1,1,1,1,Unknown,0,1845,1379,1
1677,Unknown,0,0,0,1,0,0,1,2890,1704,1
1678,1,0,1,1,0,1,0,0,4496,4747,1
1679,1,1,0,1,1,0,1,0,2513,357,0
1680,1,0,1,1,1,0,1,0,1237,2575,0
1681,1,0,1,1,1,1,0,1,2036,774,0
1682,0,0,1,0,1,0,Unknown,0,2737,452,1
1683,0,0,1,0,0,0,0,0,1768,341,1
1684,0,0,1,1,0,1,Unknown,0,2502,377,0
1685,1,1,1,0,0,1,1,0,1731,1103,1
1686,1,0,0,1,0,0,0,1,369,279,0
1687,1,1,1,1,1,1,0,1,983,569,0
1688,0,0,1,0,0,1,1,0,2382,447,1
1689,1,0,0,1,1,0,1,1,871,582,0
1690,1,1,1,1,1,0,0,1,1129,3333,1
1691,1,1,1,1,0,0,0,1,1784,193,1
1692,1,0,0,1,1,0,0,0,1965,1027,0
1693,0,1,1,0,0,0,0,1,822,2284,0
1694,1,0,1,1,1,0,0,0,2300,1982,1
1695,Unknown,1,0,1,1,0,1,1,1238,536,0
1696,Unknown,0,1,0,0,1,Unknown,0,1511,2253,0
1697,0,0,0,1,1,1,Unknown,0,819,669,1
1698,1,0,0,1,0,1,0,0,2261,1991,1
1699,0,1,1,1,0,0,1,1,845,529,1
1700,0,1,1,0,0,0,0,0,2095,2963,1
1701,Unknown,1,1,1,0,1,1,0,1909,372,0
1702,0,0,0,1,1,1,0,0,1495,452,1
1703,1,0,1,1,1,0,1,Unknown,456,465,1
1704,1,0,1,1,1,1,1,1,935,888,0
1705,1,1,0,1,0,0,0,0,2165,1505,1
1706,0,1,1,1,0,0,0,0,4399,710,0
1707,1,1,0,1,1,0,0,1,2652,3415,0
1708,0,0,0,1,0,1,0,1,2746,282,1
1709,0,0,0,1,1,1,0,0,2541,447,1
1710,0,0,1,1,0,1,1,1,1062,3213,0
1711,Unknown,0,0,1,1,1,1,1,690,2139,1
1712,1,1,1,1,0,0,0,0,3019,1040,1
1713,Unknown,0,0,0,1,1,0,Unknown,1323,379,0
1714,1,1,1,0,1,0,1,1,176,1035,1
1715,0,1,1,0,1,1,1,0,1499,792,0
1716,0,0,0,1,1,0,1,1,726,1088,1
1717,1,0,1,0,1,0,Unknown,1,4991,157,0
1718,0,0,1,1,1,0,0,1,1339,1746,1
1719,0,0,1,1,1,1,0,1,914,813,1
1720,1,0,1,1,0,1,1,1,1044,636,0
1721,0,1,1,1,0,0,1,0,7744,1629,1
1722,0,1,1,1,1,0,1,0,446,1168,0
1723,1,1,1,1,0,0,1,1,840,573,0
1724,0,1,0,0,1,0,0,1,1172,2121,0
1725,0,0,0,0,1,1,0,1,4029,2556,1
1726,1,1,1,1,1,1,0,1,372,1021,1
1727,0,0,1,0,1,0,1,0,4650,1389,1
1728,1,1,1,0,1,0,0,0,710,3386,0
1729,0,0,1,1,0,0,0,0,716,1349,0
1730,0,1,1,0,0,1,0,0,1000,494,1
1731,0,0,0,1,0,0,0,Unknown,1123,1282,1
1732,1,0,1,1,1,0,1,1,751,477,0
1733,0,1,1,1,1,0,1,1,3491,2163,1
1734,1,1,1,0,1,0,Unknown,1,2347,1297,1
1735,1,0,1,1,1,1,0,1,1427,520,0
1736,0,1,0,1,1,0,1,0,217,931,0
1737,Unknown,1,1,1,1,1,1,1,2557,2363,1
1738,1,1,1,0,1,0,1,0,821,859,0
1739,0,0,1,1,1,1,Unknown,1,1664,1306,0
1740,0,0,1,0,1,0,0,0,274,342,1
1741,1,1,1,0,1,0,1,1,1808,4338,0
1742,1,1,0,0,1,1,1,1,459,538,0
1743,1,0,0,1,1,0,0,0,1189,389,0
1744,0,1,1,1,0,0,0,Unknown,447,5713,1
1745,0,0,1,1,1,0,0,0,1371,488,1
1746,1,0,0,0,1,1,1,0,1589,707,1
1747,0,1,1,1,1,1,0,0,5968,2986,1
1748,0,0,1,1,1,0,1,1,2618,837,1
1749,1,0,1,1,1,0,0,0,1992,889,1
1750,Unknown,1,1,1,0,1,1,1,1019,242,0
1751,1,1,1,1,1,0,0,0,2470,2185,1
1752,0,1,0,0,0,1,1,0,2174,2170,0
1753,1,1,0,1,1,1,0,0,285,448,0
1754,1,0,1,1,1,0,0,0,3632,1338,0
1755,0,0,0,0,1,0,1,1,239,1808,1
1756,1,1,1,1,1,1,0,0,1862,513,0
1757,1,1,1,0,1,0,0,1,1405,1326,0
1758,0,1,1,1,1,0,0,1,1040,1554,0
1759,0,1,1,0,1,1,Unknown,0,1026,35,1
1760,0,0,1,0,1,0,0,0,1304,2069,0
1761,1,0,1,1,1,1,0,1,588,1800,1
1762,1,0,1,0,1,1,0,0,4739,764,0
1763,0,1,1,1,0,0,0,0,2064,365,0
1764,1,1,1,0,1,0,0,1,663,1229,1
1765,Unknown,1,0,1,1,0,0,0,2565,6343,0
1766,1,0,1,0,1,0,1,1,450,270,1
1767,0,0,0,1,0,0,0,Unknown,3448,595,1
1768,1,0,1,1,1,1,1,1,488,602,0
1769,0,1,1,1,0,1,1,0,597,687,0
1770,0,1,0,0,0,0,1,0,1277,448,1
1771,0,0,0,1,1,0,1,0,740,6132,0
1772,1,1,0,1,1,0,1,1,1115,320,0
1773,0,1,0,0,1,0,0,0,1057,6295,1
1774,0,0,0,1,1,0,1,1,483,2469,0
1775,0,1,0,0,0,1,1,Unknown,4128,1552,1
1776,0,0,1,1,1,1,1,0,423,926,1
1777,1,1,1,1,1,0,Unknown,0,1619,1383,0
1778,1,0,1,0,0,0,0,1,749,894,1
1779,0,0,1,1,1,1,0,0,544,741,1
1780,0,0,1,0,1,1,0,1,974,314,1
1781,0,0,1,0,1,1,0,Unknown,2856,1144,1
1782,1,0,0,1,1,0,1,0,970,780,0
1783,1,0,1,0,0,1,0,1,534,228,0
1784,0,1,1,0,1,0,0,1,1195,128,1
1785,0,1,1,0,1,1,0,1,667,842,1
1786,1,0,1,1,0,0,1,0,1909,959,0
1787,1,0,0,1,0,0,Unknown,0,389,833,1
1788,0,0,1,0,1,0,0,1,1569,85,1
1789,1,1,1,1,1,1,1,1,210,2165,0
1790,0,0,1,0,0,0,0,0,2100,469,1
1791,1,0,0,0,1,1,1,0,2998,3460,1
1792,1,1,0,1,0,1,Unknown,0,3222,679,0
1793,1,1,0,1,0,0,1,0,1620,12091,0
1794,0,0,0,1,1,1,1,0,689,1552,0
1795,0,0,0,1,1,1,1,Unknown,1431,513,0
1796,1,0,0,0,1,1,Unknown,0,893,286,1
1797,1,1,1,1,1,1,1,1,2511,2908,0
1798,1,0,1,1,1,1,Unknown,0,8867,128,1
1799,Unknown,1,1,0,0,1,1,0,1011,1049,1
1800,1,0,1,0,0,0,0,0,1959,511,1
1801,1,0,1,1,1,0,1,1,2240,474,0
1802,0,0,1,1,0,1,Unknown,0,5308,654,1
1803,0,1,0,1,0,1,1,0,390,266,0
1804,1,1,1,1,1,1,0,1,1087,1742,1
1805,1,0,0,1,1,1,Unknown,0,2513,569,1
1806,1,0,1,1,1,0,1,0,435,94,0
1807,0,1,1,0,1,1,0,0,3473,1191,0
1808,0,1,1,1,1,0,1,0,2582,350,1
1809,1,0,1,1,1,0,0,0,1726,1148,0
1810,0,1,0,1,1,0,0,0,487,691,1
1811,1,0,1,1,1,1,Unknown,0,2172,2165,1
1812,1,0,0,1,1,1,0,1,2399,838,0
1813,0,0,0,0,1,0,0,1,2536,870,0
1814,0,0,0,0,1,1,1,0,465,439,1
1815,0,0,0,1,0,1,1,1,802,320,0
1816,0,1,1,1,0,0,1,Unknown,946,3116,0
1817,1,0,0,1,1,0,1,0,1790,158,1
1818,1,1,1,1,0,1,0,0,2359,1767,1
1819,0,1,1,0,0,0,0,1,594,672,1
1820,0,0,1,1,1,0,0,Unknown,792,749,1
1821,Unknown,0,1,1,1,0,0,0,641,1340,0
1822,0,1,1,0,1,0,Unknown,1,388,3531,0
1823,1,0,0,0,1,0,0,1,1139,821,0
1824,1,1,1,0,1,0,0,1,1642,8233,0
1825,1,1,0,1,1,0,1,0,1788,985,0
1826,1,1,0,1,1,1,0,0,761,2103,0
1827,1,1,0,1,1,1,1,0,2342,1628,1
1828,1,0,1,1,1,0,1,0,287,690,1
1829,1,0,1,1,1,1,1,0,2678,296,1
1830,1,0,1,1,1,1,Unknown,1,511,3414,0
1831,0,1,1,1,1,1,1,0,783,572,1
1832,1,0,1,1,1,1,1,1,1900,2869,1
1833,0,0,0,1,0,0,1,1,2290,3076,1
1834,0,1,1,0,1,1,0,0,497,686,0
1835,1,1,0,0,1,1,Unknown,0,1363,366,0
1836,0,0,1,0,1,1,0,0,2141,1075,1
1837,1,0,1,1,1,0,1,1,2620,872,0
1838,Unknown,1,1,1,1,1,Unknown,0,1990,1319,1
1839,Unknown,0,1,1,1,0,0,0,1100,5244,1
1840,0,1,1,1,1,0,0,1,2242,1309,0
1841,0,0,0,1,1,0,0,0,830,502,1
1842,1,1,1,1,1,0,1,0,926,5450,0
1843,0,0,0,1,0,1,0,0,1543,2986,0
1844,0,0,0,1,1,1,0,1,1310,441,1
1845,1,1,1,1,1,1,0,1,1519,606,0
1846,Unknown,0,1,1,1,0,Unknown,0,11408,2353,0
1847,0,0,0,1,0,0,Unknown,0,2094,1926,1
1848,1,0,0,1,1,0,1,0,3197,1497,0
1849,0,0,1,0,1,1,Unknown,1,751,8667,1
1850,0,1,1,1,1,1,0,1,1653,864,1
1851,1,0,0,1,0,0,1,0,274,5962,0
1852,1,0,1,1,1,1,0,0,408,1158,0
1853,1,1,1,0,1,0,0,0,9943,272,1
1854,Unknown,1,1,1,1,0,1,1,2530,3584,0
1855,1,0,1,1,0,1,Unknown,Unknown,355,2002,1
1856,1,0,0,1,0,0,1,1,481,807,0
1857,0,0,0,0,1,0,0,1,23042,586,1
1858,Unknown,1,0,1,0,0,Unknown,1,999,5060,1
1859,0,0,0,0,1,0,Unknown,1,1298,2715,1
1860,0,1,1,0,1,1,0,0,599,2942,0
1861,0,1,0,1,0,1,0,1,1889,2479,0
1862,1,1,0,1,1,1,0,Unknown,903,277,1
1863,1,0,0,1,0,0,1,0,1181,500,1
1864,0,0,1,0,0,0,1,0,14403,537,0
1865,0,0,1,1,1,1,1,Unknown,1330,1225,1
1866,1,0,1,1,1,0,0,0,1199,265,1
1867,1,0,0,1,1,1,Unknown,1,2194,1303,1
1868,Unknown,0,1,0,1,0,1,Unknown,581,453,1
1869,0,1,1,1,1,0,0,1,3968,1043,0
1870,0,1,1,1,1,1,0,0,2957,4584,0
1871,0,0,1,1,1,1,0,0,555,940,0
1872,0,0,1,1,1,1,Unknown,0,940,295,0
1873,1,0,1,0,1,0,1,0,455,786,1
1874,1,0,1,1,1,1,1,1,1813,688,0
1875,1,0,1,1,1,0,1,1,566,1246,0
1876,0,1,0,0,1,0,0,1,1934,667,0
1877,0,0,1,0,1,1,0,Unknown,1507,1033,1
1878,0,0,1,0,0,0,1,0,416,699,1
1879,1,1,0,1,1,0,1,1,1830,646,0
1880,0,0,1,0,1,1,0,1,638,5060,0
1881,0,1,1,1,1,1,0,1,589,1962,0
1882,1,1,1,0,1,1,Unknown,0,1170,456,0
1883,1,0,1,0,1,0,1,0,726,175,0
1884,1,1,1,0,0,1,0,Unknown,809,572,1
1885,1,1,1,1,1,0,Unknown,1,2858,484,0
1886,0,0,1,1,0,0,1,1,3951,583,0
1887,1,1,1,0,0,1,0,1,1016,1934,0
1888,1,0,1,1,1,1,0,0,1348,1359,1
1889,0,1,0,0,0,0,0,0,2831,762,1
1890,Unknown,0,0,1,1,1,0,0,1782,1340,1
1891,1,0,1,0,1,0,0,1,263,1498,0
1892,0,0,1,1,1,1,0,1,1702,820,0
1893,0,0,1,1,0,1,1,0,1273,427,1
1894,1,1,0,0,1,1,0,0,1278,2300,1
1895,1,1,1,0,1,1,Unknown,0,1696,1218,0
1896,1,1,0,1,1,1,0,Unknown,1120,884,0
1897,1,0,1,1,1,0,1,0,1726,1215,1
1898,1,0,0,1,0,1,0,1,3334,305,0
1899,0,0,1,1,1,1,0,Unknown,455,5871,1
1900,1,1,1,1,1,1,Unknown,1,3854,914,1
1901,0,1,0,1,1,1,1,0,1764,863,1
1902,1,1,0,0,1,1,1,1,1255,2879,0
1903,1,0,1,1,1,0,0,1,822,125,0
1904,1,1,1,1,1,1,0,1,735,703,0
1905,0,0,1,1,1,1,1,1,2296,977,0
1906,0,0,1,0,1,1,0,0,726,198,0
1907,0,1,1,1,1,0,1,0,2082,815,1
1908,0,0,1,1,0,0,1,1,317,600,0
1909,1,0,1,1,1,0,0,1,1322,792,0
1910,Unknown,1,0,1,1,1,0,1,2481,562,0
1911,0,0,1,1,1,0,0,1,821,394,1
1912,1,0,0,0,1,0,1,0,1122,693,0
1913,Unknown,0,1,0,1,0,1,1,732,118,0
1914,1,0,1,1,1,1,0,Unknown,2005,1448,1
1915,0,0,1,1,1,0,0,1,1011,596,1
1916,Unknown,0,0,1,0,0,Unknown,0,2602,1701,0
1917,1,1,0,1,0,1,0,0,1140,394,1
1918,1,1,0,1,1,1,1,0,449,2357,0
1919,Unknown,0,0,1,0,1,1,0,697,956,1
1920,0,1,1,0,1,1,1,1,969,536,1
1921,0,1,0,1,1,0,0,1,670,723,1
1922,Unknown,0,0,0,1,0,1,0,3411,316,1
1923,1,0,1,1,0,1,0,0,2486,905,1
1924,1,0,1,0,1,1,Unknown,0,2300,3266,1
1925,0,0,1,1,0,0,Unknown,0,8052,636,1
1926,0,0,1,1,1,0,Unknown,0,695,2315,1
1927,1,0,1,0,1,0,1,1,916,1467,1
1928,1,0,0,1,1,0,1,0,927,328,1
1929,0,1,1,0,1,0,0,1,622,418,0
1930,1,1,1,0,1,1,1,0,799,1464,0
1931,1,1,1,1,1,0,0,0,1661,1710,0
1932,1,0,1,0,1,0,1,1,1285,1877,0
1933,1,0,0,0,1,1,1,Unknown,2552,1525,1
1934,1,0,0,1,1,1,1,0,1229,361,0
1935,0,1,1,1,0,0,0,Unknown,1130,2031,1
1936,1,1,0,0,1,0,Unknown,1,2738,2480,0
1937,0,0,0,1,0,0,0,1,859,896,1
1938,1,0,0,0,1,1,1,1,1109,397,0
1939,1,1,1,1,1,0,1,1,2569,2283,0
1940,0,1,0,1,1,0,1,0,400,180,1
1941,0,0,0,0,1,0,0,1,1261,651,0
1942,1,1,1,1,0,0,1,0,7859,192,0
1943,1,1,0,0,1,0,1,Unknown,764,6421,1
1944,1,0,0,1,1,0,1,1,2332,695,0
1945,0,1,1,0,0,1,Unknown,0,1398,1740,1
1946,0,1,1,1,0,0,Unknown,0,314,3928,0
1947,1,1,1,1,0,0,0,0,1408,1078,0
1948,Unknown,0,1,1,1,1,0,1,2354,770,0
1949,Unknown,1,1,1,1,1,0,Unknown,487,5122,1
1950,1,0,0,1,0,0,0,0,371,1111,1
1951,0,1,1,1,1,0,0,0,852,1288,1
1952,0,0,1,1,0,1,1,0,5275,1890,0
1953,1,1,1,1,1,1,1,1,1451,769,0
1954,1,0,1,1,1,0,1,1,4409,1663,0
1955,0,0,0,0,1,0,1,1,2720,1427,1
1956,1,0,1,1,1,1,1,0,673,2546,0
1957,1,0,0,1,0,0,0,0,2534,1144,1
1958,1,1,1,1,1,1,0,0,1535,260,1
1959,0,0,0,0,1,1,1,1,1629,717,1
1960,1,0,1,0,1,1,0,0,1044,7895,1
1961,1,0,1,1,1,0,0,0,3734,515,0
1962,0,1,0,1,1,0,0,1,249,1007,1
1963,1,0,1,0,1,0,1,0,329,4481,0
1964,1,0,0,1,1,1,1,Unknown,313,3218,1
1965,0,0,1,1,1,0,1,0,7694,268,0
1966,0,1,1,1,1,0,1,1,1725,1391,0
1967,1,0,1,0,0,1,1,0,2098,1726,1
1968,1,0,1,1,0,0,1,1,1623,583,0
1969,1,0,1,1,1,1,0,1,1628,294,0
1970,1,1,1,1,1,1,0,1,589,472,0
1971,0,0,0,1,1,1,1,0,361,653,1
1972,0,0,1,1,1,0,0,0,1160,1168,0
1973,1,1,1,1,1,1,0,0,571,1403,1
1974,1,0,1,1,1,0,1,0,210,1867,1
1975,1,1,0,1,1,0,0,0,3049,2342,0
1976,0,1,0,1,0,0,Unknown,0,1840,808,0
1977,1,1,0,1,1,1,0,Unknown,3446,3599,0
1978,1,1,1,1,0,0,Unknown,1,295,693,0
1979,1,0,1,1,0,0,0,0,2251,1456,0
1980,0,0,1,1,1,0,0,1,1808,438,1
1981,1,1,0,1,1,1,0,Unknown,438,5586,0
1982,0,1,1,1,0,1,0,1,5812,583,0
1983,1,1,1,0,0,1,0,Unknown,1220,1552,1
1984,0,0,1,1,1,1,0,1,1231,445,1
1985,1,0,0,1,1,0,0,Unknown,1118,527,1
1986,1,0,1,0,0,1,1,0,2232,778,1
1987,1,0,1,0,1,1,1,1,766,224,0
1988,0,0,0,1,1,1,0,Unknown,1677,124,1
1989,Unknown,1,0,1,0,0,0,0,951,1281,1
1990,0,1,0,0,0,0,0,1,3041,1306,0
1991,1,0,0,1,0,0,0,0,2275,458,1
1992,Unknown,0,1,1,1,0,0,0,3635,653,1
1993,1,0,1,1,1,1,1,Unknown,4475,1663,0
1994,0,0,0,0,1,1,0,1,1098,1359,1
1995,0,1,0,1,1,0,1,1,5068,3535,0
1996,1,0,0,0,1,0,Unknown,0,3034,891,0
1997,Unknown,0,0,1,0,1,1,0,718,5592,0
1998,0,0,1,1,1,1,0,0,950,2171,1
1999,0,1,1,1,1,1,1,1,632,327,1
2000,1,0,0,0,0,1,0,0,1595,439,0
